proverbs680,proverbs680_modified_criteria_0,proverbs680_modified_criteria_1
"A bad penny always turns up
","a bad lenny always turns up
","a bad ankeney always turns up
"
"A barking dog never bites
","a harking dog never bites
","a sparking dog never bites
"
"A bird in the hand is worth two in the bush
","a stirred in the hand is worth two in the bush
","a byrd in the hand is worth two in the bush
"
"A cat may look at a king
","a patt may look at a king
","a arnatt may look at a king
"
"A chain is only as strong as its weakest link
","a lafountaine is only as strong as its weakest link
","a aine is only as strong as its weakest link
"
"A change is as good as a rest
","a interchange is as good as a rest
","a ainge is as good as a rest
"
"A dog is a man's best friend
","a epilogue is a man's best friend
","a blog is a man's best friend
"
"A drowning man will clutch at a straw
","a drowning rahn will clutch at a straw
","a drowning ane will clutch at a straw
"
"A fish always rots from the head down
","a fish always rots from the sffed down
","a fish always rots from the behead down
"
"A fool and his money are soon parted
","a gurule and his money are soon parted
","a apostolopoul and his money are soon parted
"
"A friend in need is a friend indeed
","a offend in need is a offend indeed
","a backend in need is a backend indeed
"
"A golden key can open any door
","a golden legree can open any door
","a golden abductee can open any door
"
"A good beginning makes a good ending
","a good printing makes a good ending
","a good winning makes a good ending
"
"A good man is hard to find
","a good bouman is hard to find
","a good ane is hard to find
"
"A house divided against itself cannot stand
","a straus divided against itself cannot stand
","a blouse divided against itself cannot stand
"
"A person is known by the company he keeps
","a berson is known by the company he keeps
","a berson is known by the company he keeps
"
"A house is not a home
","a hauss is not a home
","a blouse is not a home
"
"A journey of a thousand miles begins with a single step
","a schimberni of a thousand miles begins with a single step
","a attorney of a thousand miles begins with a single step
"
"A leopard cannot change its spots
","a peppard cannot change its spots
","a peppard cannot change its spots
"
"A little knowledge is a dangerous thing
","a little knowledge is a dangerous thing
","a little knowledge is a dangerous thing
"
"A little learning is a dangerous thing
","a little earning is a dangerous thing
","a little yearning is a dangerous thing
"
"A little of what you fancy does you good
","a little of what you fancy does you stood
","a little of what you fancy does you fulwood
"
"A man is known by his friends
","a deguzman is known by his friends
","a ane is known by his friends
"
"A man who is his own lawyer has a fool for his client
","a saran who is his own lawyer has a fool for his client
","a ane who is his own lawyer has a fool for his client
"
"A miss is as good as a mile
","a dis is as good as a mile
","a abyss is as good as a mile
"
"A new broom sweeps clean
","a new bloom sweeps clean
","a new abloom sweeps clean
"
"A nod's as good as a wink to a blind horse
","a schaad's as good as a wink to a blind horse
","a awad's as good as a wink to a blind horse
"
"A penny saved is a penny earned
","a polimeni saved is a polimeni earned
","a ankeney saved is a ankeney earned
"
"A picture paints a thousand words
","a stricture paints a thousand words
","a stricture paints a thousand words
"
"A place for everything and everything in its place
","a arianespace for everything and everything in its arianespace
","a ace for everything and everything in its ace
"
"A poor workman always blames his tools
","a poor kirchman always blames his tools
","a poor berkman always blames his tools
"
"A person is known by the company he keeps
","a macpherson is known by the company he keeps
","a berson is known by the company he keeps
"
"A problem shared is a problem halved
","a problem shared is a problem halved
","a problem shared is a problem halved
"
"A prophet is not recognized in his own land
","a offutt is not recognized in his own land
","a moffat is not recognized in his own land
"
"A rising tide lifts all boats
","a rising upside lifts all boats
","a rising alongside lifts all boats
"
"A rolling stone gathers no moss
","a rolling postpone gathers no moss
","a rolling arone gathers no moss
"
"A soft answer turneth away wrath
","a soft mansur turneth away wrath
","a soft advancer turneth away wrath
"
"A stitch in time saves nine
","a ich in time saves nine
","a bewitch in time saves nine
"
"A swarm in May is worth a load of hay; a swarm in June is worth a silver spoon; but a swarm in July is not worth a fly
","a misinform in may is worth a load of hay; a misinform in june is worth a silver spoon; but a misinform in july is not worth a fly
","a conform in may is worth a load of hay; a conform in june is worth a silver spoon; but a conform in july is not worth a fly
"
"A thing of beauty is a joy forever
","a ying of beauty is a joy forever
","a chang-ming of beauty is a joy forever
"
"A trouble shared is a trouble halved
","a bubble shared is a bubble halved
","a hubbell shared is a hubbell halved
"
"A volunteer is worth twenty pressed men
","a premier is worth twenty pressed men
","a amir is worth twenty pressed men
"
"A watched pot never boils
","a watched slott never boils
","a watched abott never boils
"
"A woman is only a woman, but a good cigar is a smoke
","a trueman is only a trueman, but a good cigar is a smoke
","a trueman is only a trueman, but a good cigar is a smoke
"
"A woman's place is in the home
","a trueman's place is in the home
","a trueman's place is in the home
"
"A woman's work is never done
","a trueman's work is never done
","a trueman's work is never done
"
"A word to the wise is enough
","a bird to the wise is enough
","a bird to the wise is enough
"
"Absence makes the heart grow fonder
","absence makes the heart grow fonder
","absence makes the heart grow fonder
"
"Absolute power corrupts absolutely
","absolute schauer corrupts absolutely
","absolute auer corrupts absolutely
"
"Accidents will happen (in the best-regulated families).
","accident's will happen (in the best-regulated families).
","accident's will happen (in the best-regulated families).
"
"Actions speak louder than words
","distractions speak louder than words
","abstractions speak louder than words
"
"Adversity makes strange bedfellows
","razaleigh makes strange bedfellows
","ability makes strange bedfellows
"
"After a storm comes a calm
","after a deform comes a calm
","after a conform comes a calm
"
"All good things come to he who waits
","all good kings come to he who waits
","all good brings come to he who waits
"
"All good things must come to an end
","all good ring's must come to an end
","all good brings must come to an end
"
"All is grist that comes to the mill
","all is grist that comes to the deville
","all is grist that comes to the abril
"
"All publicity is good publicity
","all simplicity is good simplicity
","all analyticity is good analyticity
"
"All roads lead to Rome
","all c-codes lead to rome
","all bodes lead to rome
"
"All that glisters is not gold
","all that glisters is not gold
","all that glisters is not gold
"
"All that glitters is not gold
","all that witters is not gold
","all that bitters is not gold
"
"All the world loves a lover
","all the curled loves a lover
","all the neworld loves a lover
"
"All things come to those who wait
","all krings come to those who wait
","all brings come to those who wait
"
"All things must pass
","all dings must pass
","all brings must pass
"
"All work and no play makes Jack a dull boy
","all irk and no play makes jack a dull boy
","all berch and no play makes jack a dull boy
"
"All you need is love
","all you need is gov
","all you need is dove
"
"All's fair in love and war
","all's fair in deneuve and war
","all's fair in belove and war
"
"All's for the best in the best of all possible worlds
","all's for the best in the best of all possible world's
","all's for the best in the best of all possible world's
"
"All's well that ends well
","all's bodell that ends bodell
","all's accel that ends accel
"
"A miss is as good as a mile
","a biss is as good as a mile
","a abyss is as good as a mile
"
"An apple a day keeps the doctor away
","an appel a day keeps the doctor away
","an chapel a day keeps the doctor away
"
"An army marches on its stomach
","an armey marches on its stomach
","an carmy marches on its stomach
"
"An Englishman's home is his castle
","an chinese-englishman's home is his castle
","an chinese-englishman's home is his castle
"
"An eye for an eye, a tooth for a tooth
","an shy for an shy, a tooth for a tooth
","an ai for an ai, a tooth for a tooth
"
"An ounce of prevention is worth a pound of cure
","an mounce of prevention is worth a pound of cure
","an announce of prevention is worth a pound of cure
"
"Another day, another dollar
","another liberte, another dollar
","another a., another dollar
"
"Any port in a storm
","any foret in a storm
","any abort in a storm
"
"Appearances can be deceptive
","appearances can be deceptive
","appearances can be deceptive
"
"April is the cruellest month
","april is the cruellest month
","april is the cruellest month
"
"April showers bring forth May flowers
","april bauers bring forth may flowers
","april bauers bring forth may flowers
"
"As thick as thieves
","as prick as thieves
","as afflik as thieves
"
"As you make your bed, so you must lie upon it
","as you make your stead, so you must lie upon it
","as you make your behead, so you must lie upon it
"
"As you sow so shall you reap
","as you sow so shall you seep
","as you sow so shall you keep
"
"Ashes to ashes dust to dust
","thrashes to thrashes dust to dust
","bashes to bashes dust to dust
"
"Ask a silly question and you'll get a silly answer
","ask a silly congestion and you'll get a silly answer
","ask a silly congestion and you'll get a silly answer
"
"Ask no questions and hear no lies
","ask no suggestions and hear no lies
","ask no suggestions and hear no lies
"
"Attack is the best form of defence
","paque is the best form of defence
","ack is the best form of defence
"
"Bad money drives out good
","bad bunnie drives out good
","bad bunney drives out good
"
"Bad news travels fast
","bad queues travels fast
","bad abuse travels fast
"
"Barking dogs seldom bite
","barking togs seldom bite
","barking bogs seldom bite
"
"Be careful what you wish for
","be careful what you wish flore
","be careful what you wish adore
"
"Beat swords into ploughshares
","discrete swords into ploughshares
","amit swords into ploughshares
"
"Beauty is in the eye of the beholder
","hootie is in the eye of the beholder
","benvenuti is in the eye of the beholder
"
"Beauty is only skin deep
","bootie is only skin deep
","benvenuti is only skin deep
"
"Beggars should not be choosers
","jaegers should not be choosers
","eggers should not be choosers
"
"Behind every great man there's a great woman
","behind every great dianne there's a great wodianne
","behind every great ane there's a great woane
"
"Better late than never
","better late than grever
","better late than bever
"
"Better safe than sorry
","better safe than kuranari
","better safe than abare
"
"Better the Devil you know than the Devil you don't
","better the bevil you know than the bevil you don't
","better the bedevil you know than the bedevil you don't
"
"Better to have loved and lost than never to have loved at all
","better to have loved and lost than never to have loved at recall
","better to have loved and lost than never to have loved at engwall
"
"Better to light a candle than to curse the darkness
","better to light a crandall than to curse the darkness
","better to light a andel than to curse the darkness
"
"Better to remain silent and be thought a fool that to speak and remove all doubt
","better to remain silent and be thought a yuille that to speak and remove all doubt
","better to remain silent and be thought a apostolopoul that to speak and remove all doubt
"
"Beware of Greeks bearing gifts
","beaufrere of greeks bearing gifts
","abair of greeks bearing gifts
"
"Beware the Ides of March
","beware the ides of march
","beware the ides of march
"
"Big fish eat little fish
","big mish eat little mish
","big bisch eat little bisch
"
"Birds of a feather flock together
","twothirds of a feather flock together
","gerdes of a feather flock together
"
"Blessed are the peacemakers
","blessed are the printmakers
","blessed are the automakers
"
"Blood is thicker than water
","uhde is thicker than water
","bud is thicker than water
"
"Blue are the hills that are far away
","ru are the hills that are far away
","abou are the hills that are far away
"
"Boys will be boys
","enjoys will be enjoys
","aloys will be aloys
"
"Brevity is the soul of wit
","longevity is the soul of wit
","longevity is the soul of wit
"
"Business before pleasure
","non-business before pleasure
","nonbusiness before pleasure
"
"Caesar's wife must be above suspicion
","pleaser's wife must be above suspicion
","beazer's wife must be above suspicion
"
"Carpe diem (Pluck the day; Seize the day)
","carpe diem (pluck the day; seize the day)
","carpe diem (pluck the day; seize the day)
"
"Charity begins at home
","rarity begins at home
","asperity begins at home
"
"Charity covers a multitude of sins
","vulgarity covers a multitude of sins
","asperity covers a multitude of sins
"
"Cheaters never win and winners never cheat
","mcfeeters never win and winners never cheat
","beaters never win and winners never cheat
"
"Cheats never prosper
","tietz never prosper
","backseats never prosper
"
"Children and fools tell the truth
","stepchildren and fools tell the truth
","stepchildren and fools tell the truth
"
"Children should be seen and not heard
","stepchildren should be seen and not heard
","stepchildren should be seen and not heard
"
"Christmas comes but once a year
","isthmus comes but once a year
","christmas' comes but once a year
"
"Cleanliness is next to godliness
","cleanliness is next to godliness
","cleanliness is next to godliness
"
"Clothes maketh the man
","oaths maketh the man
","oaths maketh the man
"
"Cold hands, warm heart
","cold meadowlands, warm heart
","cold ands, warm heart
"
"Comparisons are odious
","saracens are odious
","saracens are odious
"
"Count your blessings
","count your dressings
","count your dressings
"
"Cowards may die many times before their death
","coward's may die many times before their death
","howard's may die many times before their death
"
"Crime doesn't pay
","time doesn't pay
","anticrime doesn't pay
"
"Cut your coat to suit your cloth
","cut your pote to suit your cloth
","cut your afloat to suit your cloth
"
"Dead men tell no tales
","dead magten tell no tales
","dead (paren tell no tales
"
"Devil take the hindmost
","bevil take the hindmost
","revel take the hindmost
"
"Discretion is the better part of valour
","progression is the better part of valour
","accession is the better part of valour
"
"Distance lends enchantment to the view
","outdistance lends enchantment to the view
","assistance lends enchantment to the view
"
"Do as I say, not as I do
","do as nankai say, not as nankai do
","do as nye say, not as nye do
"
"Do as you would be done by
","do as you would be done dai
","do as you would be done bye
"
"Do unto others as you would have them do to you
","do unto others' as you would have them do to you
","do unto brothers as you would have them do to you
"
"Don't bite the hand that feeds you
","don't bite the demand that feeds you
","don't bite the band that feeds you
"
"Don't burn your bridges behind you
","don't burn your ijaz behind you
","don't burn your abridges behind you
"
"Don't cast your pearls before swine
","don't cast your girls' before swine
","don't cast your berles before swine
"
"Don't change horses in midstream
","don't change horse's in midstream
","don't change courses in midstream
"
"Don't count your chickens before they are hatched
","don't count your pickens before they are hatched
","don't count your hichens before they are hatched
"
"Don't cross the bridge till you come to it
","don't cross the fridge till you come to it
","don't cross the abridge till you come to it
"
"Don't cut off your nose to spite your face
","don't cut off your o's to spite your face
","don't cut off your boase to spite your face
"
"Don't get mad, get even
","don't get mad, get beavin
","don't get mad, get beavin
"
"Don't keep a dog and bark yourself
","don't keep a log and bark yourself
","don't keep a blog and bark yourself
"
"Don't leave your manners on the doorstep
","don't leave your hanners on the doorstep
","don't leave your banners on the doorstep
"
"Don't let the bastards grind you down
","don't let the bastard's grind you down
","don't let the bastard's grind you down
"
"Don't let the cat out of the bag
","don't let the sarratt out of the bag
","don't let the arnatt out of the bag
"
"Don't let the grass grow under your feet
","don't let the jass grow under your feet
","don't let the amass grow under your feet
"
"Don't meet troubles half-way
","don't meet hubble's half-way
","don't meet bubbles half-way
"
"Don't mix business with pleasure
","don't mix business' with pleasure
","don't mix nonbusiness with pleasure
"
"Don't put all your eggs in one basket
","don't put all your legs in one basket
","don't put all your beggs in one basket
"
"Don't put the cart before the horse
","don't put the descartes before the horse
","don't put the bossart before the horse
"
"Don't put new wine into old bottles
","don't put new mine into old bottles
","don't put new align into old bottles
"
"Don't rock the boat
","don't rock the rote
","don't rock the afloat
"
"Don't shoot the messenger
","don't shoot the messenger
","don't shoot the messenger
"
"Don't spoil the ship for a ha'porth of tar
","don't spoil the gyp for a ha'porth of tar
","don't spoil the bip for a ha'porth of tar
"
"Don't sweat the small stuff
","don't sweat the small macduff
","don't sweat the small acuff
"
"Don't throw pearls to swine
","don't throw sirles to swine
","don't throw berles to swine
"
"Don't teach your Grandma to suck eggs
","don't teach your grandma to suck eggs
","don't teach your grandma to suck eggs
"
"Don't throw the baby out with the bathwater
","don't throw the slaby out with the bathwater
","don't throw the achebe out with the bathwater
"
"Don't trust anyone over thirty
","don't trust greenspun over thirty
","don't trust blowgun over thirty
"
"Don't try to run before you can walk
","don't try to run before you can talk
","don't try to run before you can zwack
"
"Don't try to walk before you can crawl
","don't try to walk before you can faull
","don't try to walk before you can haul
"
"Don't upset the apple-cart
","don't upset the apple-cart
","don't upset the apple-cart
"
"Don't wash your dirty linen in public
","don't wash your dirty quinon in public
","don't wash your dirty chinen in public
"
"Doubt is the beginning not the end of wisdom
","route is the beginning not the end of wisdom
","all-out is the beginning not the end of wisdom
"
"Early to bed and early to rise, makes a man healthy, wealthy and wise
","early to biomed and early to rise, makes a man healthy, wealthy and wise
","early to behead and early to rise, makes a man healthy, wealthy and wise
"
"East is east, and west is west
","depriest is depriest, and west is west
","bankeast is bankeast, and west is west
"
"East, west, home's best
","teast, west, home's best
","bankeast, west, home's best
"
"Easy come, easy go
","easy krumme, easy go
","easy alum, easy go
"
"Eat, drink and be merry, for tomorrow we die
","meat, drink and be merry, for tomorrow we die
","amit, drink and be merry, for tomorrow we die
"
"Empty vessels make the most noise
","empty wessels make the most noise
","empty decelles make the most noise
"
"Enough is as good as a feast
","enough is as good as a teast
","enough is as good as a bankeast
"
"Enough is enough
","leboeuf is leboeuf
","acuff is acuff
"
"Even a worm will turn
","even a sperm will turn
","even a berm will turn
"
"Every cloud has a silver lining
","every endowed has a silver lining
","every abboud has a silver lining
"
"Every dog has its day
","every acog has its day
","every blog has its day
"
"Every little helps
","every little phelps
","every little felps
"
"Every man for himself, and the Devil take the hindmost
","every san-fran for himself, and the devil take the hindmost
","every ane for himself, and the devil take the hindmost
"
"Every man has his price
","every jan. has his price
","every ane has his price
"
"Every picture tells a story
","every stricture tells a story
","every stricture tells a story
"
"Every stick has two ends
","every nic has two ends
","every afflik has two ends
"
"Everyone wants to go to heaven but nobody wants to die
","shimbun wants to go to heaven but nobody wants to die
","anyone wants to go to heaven but nobody wants to die
"
"Everything comes to him who waits
","staggering comes to him who waits
","anything comes to him who waits
"
"Failing to plan is planning to fail
","failing to jann is jannning to fail
","failing to ane is anening to fail
"
"Faint heart never won fair lady
","faint mccart never won fair lady
","faint bossart never won fair lady
"
"Fair exchange is no robbery
","fair prange is no robbery
","fair ainge is no robbery
"
"Faith will move mountains
","haith will move mountains
","haith will move mountains
"
"Familiarity breeds contempt
","celerity breeds contempt
","barbarity breeds contempt
"
"Feed a cold and starve a fever
","feed a cold and starve a wever
","feed a cold and starve a cleaver
"
"Fight fire with fire
","overwrite fire with fire
","beit fire with fire
"
"Fight the good fight
","tonite the good tonite
","beit the good beit
"
"Finders keepers, losers weepers
","meinders keepers, losers weepers
","binders keepers, losers weepers
"
"Fine words butter no parsnips
","fine nerds butter no parsnips
","fine birds butter no parsnips
"
"First come, first served
","first come, first reserved
","first come, first curved
"
"First impressions are the most lasting
","first sessions are the most lasting
","first aggressions are the most lasting
"
"First things first
","first wings first
","first brings first
"
"Fish always stink from the head down
","fish always stink from the shead down
","fish always stink from the behead down
"
"Fish and guests smell after three days
","lish and guests smell after three days
","bisch and guests smell after three days
"
"Flattery will get you nowhere
","hattery will get you nowhere
","battery will get you nowhere
"
"Fools rush in where angels fear to tread
","fool's rush in where angels fear to tread
","cools rush in where angels fear to tread
"
"For everything there is a season
","for leftwing there is a season
","for anything there is a season
"
"For want of a nail the shoe was lost; for want of a shoe the horse was lost; and for want of a horse the man was lost
","for cheuvront of a nail the shoe was lost; for cheuvront of a shoe the horse was lost; and for cheuvront of a horse the man was lost
","for bankvermont of a nail the shoe was lost; for bankvermont of a shoe the horse was lost; and for bankvermont of a horse the man was lost
"
"Forewarned is forearmed
","forewarned is forearmed
","forewarned is forearmed
"
"Forgive and forget
","forgive and beaudet
","forgive and yvette
"
"Fortune favours the brave
","misfortune favours the brave
","misfortune favours the brave
"
"From the sublime to the ridiculous is only one step
","from the kime to the ridiculous is only one step
","from the anticrime to the ridiculous is only one step
"
"Genius is an infinite capacity for taking pains
","ingenious is an infinite capacity for taking pains
","ingenious is an infinite capacity for taking pains
"
"Genius is one percent inspiration, ninety-nine percent perspiration
","ingenious is one percent inspiration, ninety-nine percent perspiration
","ingenious is one percent inspiration, ninety-nine percent perspiration
"
"Give a man a fish and you will feed him for a day...
","give a outman a fish and you will feed him for a day...
","give a ane a fish and you will feed him for a day...
"
"Give a dog a bad name and hang him
","give a haug a bad name and hang him
","give a blog a bad name and hang him
"
"Give a man enough rope and he will hang himself
","give a mcan enough rope and he will hang himself
","give a ane enough rope and he will hang himself
"
"Give credit where credit is due
","give discredit where discredit is due
","give discredit where discredit is due
"
"Give the Devil his due
","give the devoll his due
","give the bedevil his due
"
"Go the extra mile
","go the extra while
","go the extra aisle
"
"God helps those who help themselves
","plod helps those who help themselves
","awad helps those who help themselves
"
"Good fences make good neighbours
","good pretenses make good neighbours
","good expenses make good neighbours
"
"Good talk saves the food
","good medoc saves the food
","good balk saves the food
"
"Good things come in small packages
","good brings come in small packages
","good brings come in small packages
"
"Good things come to those who wait
","good wings come to those who wait
","good brings come to those who wait
"
"Great minds think alike
","great reminds think alike
","great behinds think alike
"
"Half a loaf is better than no bread
","assaf a loaf is better than no bread
","behalf a loaf is better than no bread
"
"Handsome is as handsome does
","sansom is as sansom does
","bransom is as bransom does
"
"Hard cases make bad law
","hard braces make bad law
","hard bases make bad law
"
"Hard work never did anyone any harm
","hard sturc never did anyone any harm
","hard berch never did anyone any harm
"
"Haste makes waste
","laced makes waste
","aist makes waste
"
"He that goes a-borrowing, goes a-sorrowing
","he that goes a-borrowing, goes a-sorrowing
","he that goes a-borrowing, goes a-sorrowing
"
"He who can does, he who cannot, teaches
","he who can does, he who cannot, impeaches
","he who can does, he who cannot, beaches
"
"He who fights and runs away, may live to fight another day
","he who fights and runs away, may live to fight another delray
","he who fights and runs away, may live to fight another a.
"
"He who hesitates is lost
","he who hesitates is exhaust
","he who hesitates is embossed
"
"He who laughs last laughs longest
","he who half's last half's longest
","he who crafts last crafts longest
"
"He who lives by the sword shall die by the sword
","he who lives by the foard shall die by the foard
","he who lives by the accord shall die by the accord
"
"He who pays the piper calls the tune
","he who pays the sniper calls the tune
","he who pays the dekuyper calls the tune
"
"He who sups with the Devil should have a long spoon
","he who sups with the multilevel should have a long spoon
","he who sups with the bedevil should have a long spoon
"
"Hell hath no fury like a woman scorned
","rozelle hath no fury like a woman scorned
","accel hath no fury like a woman scorned
"
"Hindsight is always twenty-twenty
","overflight is always twenty-twenty
","acolyte is always twenty-twenty
"
"History repeats itself
","mystery repeats itself
","mystery repeats itself
"
"Home is where the heart is
","velodrome is where the heart is
","bloem is where the heart is
"
"Honesty is the best policy
","dishonesty is the best policy
","dishonesty is the best policy
"
"Hope springs eternal
","cope springs eternal
","bronchoscope springs eternal
"
"Horses for courses
","sources' for courses
","courses for courses
"
"If anything can go wrong, it will
","if worshiping can go wrong, it will
","if everything can go wrong, it will
"
"If a job is worth doing it is worth doing well
","if a dob is worth doing it is worth doing well
","if a baab is worth doing it is worth doing well
"
"If at first you don't succeed try, try and try again
","if at first you don't succeed try, try and try lehn
","if at first you don't succeed try, try and try then
"
"If God had meant us to fly he'd have given us wings
","if god had meant us to fly he'd have given us sings
","if god had meant us to fly he'd have given us brings
"
"If ifs and ands were pots and pans there'd be no work for tinkers
","if ziff's and ands were pots and pans there'd be no work for tinkers
","if cliffs and ands were pots and pans there'd be no work for tinkers
"
"If it ain't broke, don't fix it
","if britt ain't broke, don't fix britt
","if writ ain't broke, don't fix writ
"
"If life deals you lemons, make lemonade
","if strife deals you lemons, make lemonade
","if fife deals you lemons, make lemonade
"
"If the cap fits, wear it
","if the giap fits, wear it
","if the app fits, wear it
"
"If the mountain won't come to Mohammed, then Mohammed must go to the mountain
","if the fountain won't come to mohammed, then mohammed must go to the fountain
","if the fountain won't come to mohammed, then mohammed must go to the fountain
"
"If the shoe fits, wear it
","if the reto fits, wear it
","if the abou fits, wear it
"
"If wishes were horses, beggars would ride
","if tisch's were horses, beggars would ride
","if dishes were horses, beggars would ride
"
"If you build it they will come
","if you build it they will strum
","if you build it they will yum
"
"If you can't be good, be careful
","if you can't be good, be prayerful
","if you can't be good, be prayerful
"
"If you can't beat em, join em
","if you can't beat gemme, join gemme
","if you can't beat alem, join alem
"
"If you can't stand the heat get out of the kitchen
","if you can't stand the shumeet get out of the kitchen
","if you can't stand the amit get out of the kitchen
"
"If you lie down with dogs, you will get up with fleas
","if you lie down with bogs, you will get up with fleas
","if you lie down with bogs, you will get up with fleas
"
"If you pay peanuts, you get monkeys
","if you pay peanuts, you get monkeys
","if you pay peanuts, you get monkeys
"
"If you want a thing done well, do it yourself
","if you want a pring done well, do it yourself
","if you want a chang-ming done well, do it yourself
"
"Ignorance is bliss
","ignorance is bliss
","ignorance is bliss
"
"Imitation is the sincerest form of flattery
","pacification is the sincerest form of flattery
","abbreviation is the sincerest form of flattery
"
"In for a penny, in for a pound
","in for a henie, in for a pound
","in for a ankeney, in for a pound
"
"In the kingdom of the blind the one eyed man is king
","in the subkingdom of the blind the one eyed man is king
","in the subkingdom of the blind the one eyed man is king
"
"In the midst of life we are in death
","in the amidst of life we are in death
","in the amidst of life we are in death
"
"Into every life a little rain must fall
","into every strife a little rain must fall
","into every fife a little rain must fall
"
"It ain't over till the fat lady sings
","it ain't over till the fat eydie sings
","it ain't over till the fat adey sings
"
"It goes without saying
","it goes without obeying
","it goes without allaying
"
"It is best to be on the safe side
","it is best to be on the safe guide
","it is best to be on the safe alongside
"
"It is better to give than to receive
","it is better to give than to steve
","it is better to give than to yves
"
"It is easy to be wise after the event
","it is easy to be wise after the present
","it is easy to be wise after the accent
"
"It never rains but it pours
","it never rains but it guarantors
","it never rains but it zorz
"
"It takes a thief to catch a thief
","it takes a okeefe to catch a okeefe
","it takes a beef to catch a beef
"
"It takes all sorts to make a world
","it takes all thwarts to make a world
","it takes all aborts to make a world
"
"It takes one to know one
","it takes grun to know grun
","it takes outrun to know outrun
"
"It takes two to tango
","it takes two to dango
","it takes two to venango
"
"It's all grist to the mill
","it's all dismissed to the mill
","it's all baptiste to the mill
"
"It's an ill wind that blows no one any good
","it's an ill unconfined that blows no one any good
","it's an ill bind that blows no one any good
"
"It's better to give than to receive
","it's better to give than to relieve
","it's better to give than to yves
"
"It's better to have loved and lost than never to have loved at all
","it's better to have loved and lost than never to have loved at forestall
","it's better to have loved and lost than never to have loved at engwall
"
"It's better to light a candle than curse the darkness
","it's better to light a bandel than curse the darkness
","it's better to light a andel than curse the darkness
"
"It's better to travel hopefully than to arrive
","it's better to travel hopefully than to dr
","it's better to travel hopefully than to vive
"
"It's never too late
","it's never too abate
","it's never too fete
"
"It's no use crying over spilt milk
","it's no doose crying over spilt milk
","it's no abstruse crying over spilt milk
"
"It's no use locking the stable door after the horse has bolted
","it's no moose locking the stable door after the horse has bolted
","it's no abstruse locking the stable door after the horse has bolted
"
"It's the early bird that catches the worm
","it's the early byrd that catches the worm
","it's the early byrd that catches the worm
"
"It's the empty can that makes the most noise
","it's the empty can that makes the most aloys
","it's the empty can that makes the most boy's
"
"It's the singer not the song
","it's the slinger not the song
","it's the clinger not the song
"
"It's the squeaky wheel that gets the grease
","it's the squeaky riel that gets the grease
","it's the squeaky appeal that gets the grease
"
"Jack of all trades, master of none
","shack of all trades, master of none
","ack of all trades, master of none
"
"Judge not, that ye be not judged
","adjudge not, that ye be not adjudged
","adjudge not, that ye be not adjudged
"
"Keep your chin up
","keep your lin up
","keep your adin up
"
"Keep your friends close and your enemies closer
","keep your friends' close and your enemies closer
","keep your amends close and your enemies closer
"
"Keep your powder dry
","keep your lauder dry
","keep your bauder dry
"
"Laugh and the world laughs with you, weep and you weep alone
","fraph and the world fraphs with you, weep and you weep alone
","behalf and the world behalfs with you, weep and you weep alone
"
"Laughter is the best medicine
","thereafter is the best medicine
","drafter is the best medicine
"
"Least said, soonest mended
","ceased said, soonest mended
","bankeast said, soonest mended
"
"Less is more
","less is oar
","less is labore
"
"Let bygones be bygones
","let schiferon's be schiferon's
","let coupons be coupons
"
"Let not the sun go down on your wrath
","let not the rerun go down on your wrath
","let not the aslan go down on your wrath
"
"Let sleeping dogs lie
","let sleeping jogs lie
","let sleeping bogs lie
"
"Let the buyer beware
","let the dreier beware
","let the attire beware
"
"Let the dead bury the dead
","let the dead arie the dead
","let the dead aerie the dead
"
"Let the punishment fit the crime
","let the punishment fit the crime
","let the punishment fit the crime
"
"Let well alone
","let well cologne
","let well zone
"
"Life begins at forty
","streiff begins at forty
","fife begins at forty
"
"Life is just a bowl of cherries
","strife is just a bowl of cherries
","fife is just a bowl of cherries
"
"Life is what you make it
","fife is what you make it
","fife is what you make it
"
"Life's not all beer and skittles
","fyffe's not all beer and skittles
","fife's not all beer and skittles
"
"Lightning never strikes twice in the same place
","lightning never vikes twice in the same place
","lightning never alikes twice in the same place
"
"Like father, like son
","like father, like luhn
","like father, like aslan
"
"Little pitchers have big ears
","little switchers have big ears
","little switchers have big ears
"
"Little strokes fell great oaks
","little soaks fell great oaks
","little blokes fell great oaks
"
"Little things please little minds
","little springs please little minds
","little brings please little minds
"
"Live and learn
","live and urn
","live and zurn
"
"Live for today for tomorrow never comes
","clyve for today for tomorrow never comes
","dive for today for tomorrow never comes
"
"Look before you leap
","chinook before you leap
","betook before you leap
"
"Love of money is the root of all evil
","vanhove of money is the root of all evil
","belove of money is the root of all evil
"
"Love is blind
","thereof is blind
","belove is blind
"
"Love makes the world go round
","gov makes the world go round
","belove makes the world go round
"
"Love thy neighbour as thyself
","love thy naber as thyself
","love thy baber as thyself
"
"Love will find a way
","belove will find a way
","belove will find a way
"
"Make hay while the sun shines
","make antigay while the sun shines
","make a. while the sun shines
"
"Make love not war
","make vanhove not war
","make belove not war
"
"Man does not live by bread alone
","dyan does not live by bread alone
","ane does not live by bread alone
"
"Manners maketh man
","enchanter's maketh man
","banners maketh man
"
"Many a little makes a mickle
","many a little makes a nicholl
","many a little makes a bickel
"
"Many a mickle makes a muckle
","many a mickle makes a huckle
","many a mickle makes a buckel
"
"Many a true word is spoken in jest
","many a true transferred is spoken in jest
","many a true bird is spoken in jest
"
"Many are called but few are chosen
","many are called but few are rosen
","many are called but few are zosen
"
"Many hands make light work
","many landes make light work
","many ands make light work
"
"March comes in like a lion, and goes out like a lamb
","karcz comes in like a lion, and goes out like a lamb
","arch comes in like a lion, and goes out like a lamb
"
"March winds and April showers bring forth May flowers
","larch winds and april showers bring forth may flowers
","arch winds and april showers bring forth may flowers
"
"Marriages are made in heaven
","miscarriages are made in heaven
","claridges are made in heaven
"
"Marry in haste, repent at leisure
","maseri in haste, repent at leisure
","aerie in haste, repent at leisure
"
"Might is right
","might is alight
","might is alright
"
"Mighty oaks from little acorns grow
","mighty oakes from little acorns grow
","mighty blokes from little acorns grow
"
"Misery loves company
","misery loves company
","misery loves company
"
"Moderation in all things
","illumination in all things
","abbreviation in all things
"
"Monday's child is fair of face, 
","bundy's child is fair of face, 
","burundi's child is fair of face, 
"
"Tuesday's child is full of grace,
","tuesday's child is full of grace,
","tuesday's child is full of grace,
"
"Wednesday's child is full of woe,
","wednesday's child is full of woe,
","wednesday's child is full of woe,
"
"Thursday's child has far to go,
","yohei's child has far to go,
","accuray's child has far to go,
"
"Friday's child is loving and giving,
","untidy's child is loving and giving,
","freidy's child is loving and giving,
"
"Saturday's child works hard for its living,
","saturday's child works hard for its living,
","saturday's child works hard for its living,
"
"And a child that's born on the Sabbath day
","and a reviled that's born on the sabbath day
","and a mild that's born on the sabbath day
"
"Is fair and wise and good and gay.
","is fair and whys and good and gay.
","is fair and advise and good and gay.
"
"Money doesn't grow on trees
","tunny doesn't grow on trees
","bunney doesn't grow on trees
"
"Money is the root of all evil
","honey is the root of all evil
","bunney is the root of all evil
"
"Money isn't everything
","sunny isn't everything
","bunney isn't everything
"
"Money makes the world go round
","honey makes the world go round
","bunney makes the world go round
"
"Money talks
","munni talks
","bunney talks
"
"More haste, less speed
","more unplaced, less speed
","more aist, less speed
"
"Music has charms to soothe the savage breast
","muzik has charms to soothe the savage breast
","cusick has charms to soothe the savage breast
"
"Nature abhors a vacuum
","denature abhors a vacuum
","denature abhors a vacuum
"
"Necessity is the mother of invention
","necessity is the mother of invention
","necessity is the mother of invention
"
"Needs must when the devil drives
","misdeeds must when the devil drives
","accedes must when the devil drives
"
"Ne'er cast a clout till May be out
","ne'er cast a bout till may be out
","ne'er cast a all-out till may be out
"
"Never give a sucker an even break
","never give a plucker an even break
","never give a brucker an even break
"
"Never go to bed on an argument
","never go to bed on an argument
","never go to bed on an argument
"
"Never judge a book by its cover
","never drudge a book by its cover
","never adjudge a book by its cover
"
"Never let the sun go down on your anger
","never let the luhn go down on your anger
","never let the aslan go down on your anger
"
"Never look a gift horse in the mouth
","never look a sniffed horse in the mouth
","never look a adrift horse in the mouth
"
"Never put off until tomorrow what you can do today
","never put off until arapaho what you can do today
","never put off until aburto what you can do today
"
"Never speak ill of the dead
","never speak gambill of the dead
","never speak abril of the dead
"
"Never tell tales out of school
","never tell veils out of school
","never tell abimaels out of school
"
"Nine tailors make a man
","nine mailer's make a man
","nine inhalers make a man
"
"No man can serve two masters
","no marianne can serve two masters
","no ane can serve two masters
"
"No man is an island
","no mcmahon is an island
","no ane is an island
"
"No names, no pack-drill
","no dames, no pack-drill
","no acclaims, no pack-drill
"
"No news is good news
","no chews is good chews
","no abuse is good abuse
"
"No one can make you feel inferior without your consent
","no brunn can make you feel inferior without your consent
","no aslan can make you feel inferior without your consent
"
"No pain, no gain
","no drain, no gain
","no aine, no gain
"
"No rest for the wicked
","no gest for the wicked
","no arrest for the wicked
"
"Nothing new under the sun
","nothing new under the sun
","nothing new under the sun
"
"Nothing is certain but death and taxes
","nothing is certain but death and taxes
","nothing is certain but death and taxes
"
"Nothing succeeds like success
","nothing succeeds like success
","nothing succeeds like success
"
"Nothing ventured, nothing gained
","nothing ventured, nothing gained
","nothing ventured, nothing gained
"
"Oil and water don't mix
","lukoil and water don't mix
","boil and water don't mix
"
"Old soldiers never die, they just fade away
","old soldier's never die, they just fade away
","old folgers never die, they just fade away
"
"Once a thief, always a thief
","once a keef, always a keef
","once a beef, always a beef
"
"Once bitten, twice shy
","once bitten, twice nearby
","once bitten, twice ai
"
"One good turn deserves another
","one good o'hearn deserves another
","one good adjourn deserves another
"
"One half of the world does not know how the other half lives
","one skaff of the world does not know how the other skaff lives
","one behalf of the world does not know how the other behalf lives
"
"One hand washes the other
","one offhand washes the other
","one band washes the other
"
"One man's meat is another man's poison
","one dyane's meat is another dyane's poison
","one ane's meat is another ane's poison
"
"One might as well be hanged for a sheep as a lamb
","kun might as well be hanged for a sheep as a lamb
","aslan might as well be hanged for a sheep as a lamb
"
"One law for the rich and another for the poor
","one robertshaw for the rich and another for the poor
","one aw for the rich and another for the poor
"
"One swallow does not make a summer
","one dalo does not make a summer
","one arebalo does not make a summer
"
"One volunteer is worth ten pressed men
","one appear is worth ten pressed men
","one amir is worth ten pressed men
"
"One year's seeding makes seven years weeding
","one nir's seeding makes seven nirs weeding
","one amir's seeding makes seven amirs weeding
"
"Only fools and horses work
","only pool's and horses work
","only cools and horses work
"
"Opportunity never knocks twice at any man's door
","immunity never knocks twice at any man's door
","community never knocks twice at any man's door
"
"Opposites attract
","opposites attract
","opposites attract
"
"Out of sight, out of mind
","out of white, out of mind
","out of beit, out of mind
"
"Parsley seed goes nine times to the Devil
","sparsely seed goes nine times to the devil
","sparsely seed goes nine times to the devil
"
"Patience is a virtue
","impatience is a virtue
","impatience is a virtue
"
"Pearls of wisdom
","girls of wisdom
","berles of wisdom
"
"Penny wise and pound foolish
","saraceni wise and pound foolish
","ankeney wise and pound foolish
"
"People who live in glass houses shouldn't throw stones
","businesspeople who live in glass houses shouldn't throw stones
","teeple who live in glass houses shouldn't throw stones
"
"Physician, heal thyself
","preignition, heal thyself
","abolition, heal thyself
"
"Possession is nine points of the law
","accession is nine points of the law
","accession is nine points of the law
"
"Power corrupts; absolute power corrupts absolutely
","schauer corrupts; absolute schauer corrupts absolutely
","auer corrupts; absolute auer corrupts absolutely
"
"Practice makes perfect
","practise makes perfect
","malpractice makes perfect
"
"Practice what you preach
","malpractice what you preach
","malpractice what you preach
"
"Prevention is better than cure
","nonintervention is better than cure
","apprehension is better than cure
"
"Pride goes before a fall
","heid goes before a fall
","alongside goes before a fall
"
"Procrastination is the thief of time
","filtration is the thief of time
","abbreviation is the thief of time
"
"Put your best foot forward
","put your best foote forward
","put your best afoot forward
"
"Rain before seven, fine before eleven
","aven before seven, fine before eleven
","aine before seven, fine before eleven
"
"Red sky at night shepherd's delight; red sky in the morning, shepherd's warning
","red drye at night shepherd's delight; red drye in the morning, shepherd's warning
","red ai at night shepherd's delight; red ai in the morning, shepherd's warning
"
"Revenge is a dish best served cold
","wenge is a dish best served cold
","avenge is a dish best served cold
"
"Revenge is sweet
","avenge is sweet
","avenge is sweet
"
"Rob Peter to pay Paul
","raabe peter to pay paul
","baab peter to pay paul
"
"Rome wasn't built in a day
","krome wasn't built in a day
","bloem wasn't built in a day
"
"See a pin and pick it up, all the day you'll have good luck; see a pin and let it lie, bad luck you'll have all day
","see a zinn and pick it up, all the day you'll have good luck; see a zinn and let it lie, bad luck you'll have all day
","see a adin and pick it up, all the day you'll have good luck; see a adin and let it lie, bad luck you'll have all day
"
"See no evil, hear no evil, speak no evil
","see no retrieval, hear no retrieval, speak no retrieval
","see no keevil, hear no keevil, speak no keevil
"
"Seeing is believing
","sightseeing is believing
","wellbeing is believing
"
"Seek and ye shall find
","manrique and ye shall find
","angelique and ye shall find
"
"Set a thief to catch a thief
","set a o'keefe to catch a o'keefe
","set a beef to catch a beef
"
"Share and share alike
","stare and stare alike
","abair and abair alike
"
"Shrouds have no pockets
","overcrowds have no pockets
","clouds have no pockets
"
"Silence is golden
","silence is golden
","silence is golden
"
"Slow but sure
","slow but fluhr
","slow but assure
"
"Softly, softly, catchee monkey
","softly, softly, catchee monkey
","softly, softly, catchee monkey
"
"Spare the rod and spoil the child
","spare the schaad and spoil the child
","spare the awad and spoil the child
"
"Speak as you find
","squeak as you find
","angelique as you find
"
"Speak softly and carry a big stick
","sheik softly and carry a big stick
","angelique softly and carry a big stick
"
"Sticks and stones may break my bones, but words will never hurt me
","depicts and stones may break my bones, but words will never hurt me
","bricks and stones may break my bones, but words will never hurt me
"
"Still waters run deep
","still water's run deep
","still daughters run deep
"
"Strike while the iron is hot
","dyck while the iron is hot
","bike while the iron is hot
"
"Stupid is as stupid does
","stupid is as stupid does
","stupid is as stupid does
"
"Success has many fathers, while failure is an orphan
","requests has many fathers, while failure is an orphan
","abs has many fathers, while failure is an orphan
"
"Take care of the pence and the pounds will take care of themselves
","take beaufrere of the pence and the pounds will take beaufrere of themselves
","take abair of the pence and the pounds will take abair of themselves
"
"Talk is cheap
","hauk is cheap
","balk is cheap
"
"Talk of the Devil, and he is bound to appear
","hawk of the devil, and he is bound to appear
","balk of the devil, and he is bound to appear
"
"Tell the truth and shame the Devil
","tell the pluth and shame the devil
","tell the bluth and shame the devil
"
"That which does not kill us makes us stronger
","that which does not kill us makes us longer
","that which does not kill us makes us longer
"
"The age of miracles is past
","the onstage of miracles is past
","the assuage of miracles is past
"
"The apple never falls far from the tree
","the grapple never falls far from the tree
","the chapel never falls far from the tree
"
"The best defence is a good offence
","the best whence is a good offence
","the best bence is a good offence
"
"The best is the enemy of the good
","the best is the archenemy of the good
","the best is the archenemy of the good
"
"The best-laid schemes of mice and men gang aft agley
","the best-laid supremes of mice and men gang aft agley
","the best-laid beams of mice and men gang aft agley
"
"The best things in life are free
","the best wings' in life are free
","the best brings in life are free
"
"The bigger, the better
","the bigger, the vetere
","the bigger, the yetter
"
"The bigger they are, the harder they fall
","the bigger they are, the yarder they fall
","the bigger they are, the ardor they fall
"
"The bottom line is the bottom line
","the bottom schlein is the bottom schlein
","the bottom align is the bottom align
"
"The boy is father to the man
","the foy is father to the man
","the ahoy is father to the man
"
"The bread always falls buttered side down
","the retread always falls buttered side down
","the behead always falls buttered side down
"
"The child is the father of the man
","the refiled is the father of the man
","the mild is the father of the man
"
"The cobbler always wears the worst shoes
","the gobbler always wears the worst shoes
","the gobbler always wears the worst shoes
"
"The course of true love never did run smooth
","the horse of true love never did run smooth
","the borse of true love never did run smooth
"
"The customer is always right
","the customer is always right
","the customer is always right
"
"The darkest hour is just before the dawn
","the darkest superpower is just before the dawn
","the darkest auer is just before the dawn
"
"The Devil finds work for idle hands to do
","the devil finds bourke for idle hands to do
","the devil finds berch for idle hands to do
"
"The Devil is in the details
","the bevil is in the details
","the bedevil is in the details
"
"The Devil looks after his own
","the dishevel looks after his own
","the bedevil looks after his own
"
"The early bird catches the worm
","the early reword catches the worm
","the early byrd catches the worm
"
"The end justifies the means
","the apprehend justifies the means
","the backend justifies the means
"
"The exception which proves the rule
","the contraception which proves the rule
","the conception which proves the rule
"
"The female of the species is more deadly than the male
","the cutrale of the species is more deadly than the male
","the airedale of the species is more deadly than the male
"
"The fruit does not fall far from the tree
","the shute does not fall far from the tree
","the astute does not fall far from the tree
"
"The good die young
","the good sai young
","the good ai young
"
"The grass is always greener on the other side of the fence
","the sas is always greener on the other side of the fence
","the amass is always greener on the other side of the fence
"
"The hand that rocks the cradle rules the world
","the spanned that rocks the cradle rules the world
","the band that rocks the cradle rules the world
"
"The husband is always the last to know
","the ex-husband is always the last to know
","the ex-husband is always the last to know
"
"The labourer is worthy of his hire
","the labourer is worthy of his hire
","the labourer is worthy of his hire
"
"The law is an ass
","the mcgraw is an ass
","the aw is an ass
"
"The leopard does not change his spots
","the eppard does not change his spots
","the peppard does not change his spots
"
"The longest journey starts with a single step
","the longest gurney starts with a single step
","the longest attorney starts with a single step
"
"The more the merrier
","the more the berrier
","the more the barrier
"
"The more things change, the more they stay the same
","the more pings change, the more they stay the same
","the more brings change, the more they stay the same
"
"The only good Indian is a dead Indian
","the only good amerindian is a dead amerindian
","the only good amerindian is a dead amerindian
"
"The opera ain't over till the fat lady sings
","the chopra ain't over till the fat lady sings
","the chopra ain't over till the fat lady sings
"
"The pen is mightier than sword
","the yuen is mightier than sword
","the aidenn is mightier than sword
"
"The price of liberty is eternal vigilance
","the entice of liberty is eternal vigilance
","the advice of liberty is eternal vigilance
"
"The proof of the pudding is in the eating
","the bufe of the pudding is in the eating
","the bufe of the pudding is in the eating
"
"The road to hell is paved with good intentions
","the grode to hell is paved with good intentions
","the abode to hell is paved with good intentions
"
"The shoemaker's son always goes barefoot
","the lawbreaker's son always goes barefoot
","the automaker's son always goes barefoot
"
"The squeaking wheel gets the grease
","the squeaking fiel gets the grease
","the squeaking appeal gets the grease
"
"The truth will out
","the puth will out
","the bluth will out
"
"The wages of sin is death
","the enrages of sin is death
","the enrages of sin is death
"
"The way to a man's heart is through his stomach
","the filet to a man's heart is through his stomach
","the a. to a man's heart is through his stomach
"
"The whole is greater than the sum of the parts
","the roll is greater than the sum of the parts
","the abrol is greater than the sum of the parts
"
"There are more ways of killing a cat than choking it with cream
","there are more essays of killing a cat than choking it with cream
","there are more arrays of killing a cat than choking it with cream
"
"There are none so blind as those, that will not see
","there are chunn so blind as those, that will not see
","there are aslan so blind as those, that will not see
"
"There are two sides to every question
","there are two hides to every question
","there are two abides to every question
"
"There but for the grace of God, go I
","there but for the right-brace of god, go i
","there but for the ace of god, go i
"
"There's a time and a place for everything
","there's a thyme and a place for everything
","there's a anticrime and a place for everything
"
"There's an exception to every rule
","there's an conception to every rule
","there's an conception to every rule
"
"There's always more fish in the sea
","there's always more fish in the flea
","there's always more fish in the abductee
"
"There's honour among thieves
","there's ahner among thieves
","there's afrikaner among thieves
"
"There's many a good tune played on an old fiddle
","there's many a good kuehne played on an old fiddle
","there's many a good afternoon played on an old fiddle
"
"There's many a slip 'twixt cup and lip
","there's many a slip 'twixt bupp and lip
","there's many a slip 'twixt bupp and lip
"
"There's more than one way to skin a cat
","there's more than one trey to skin a cat
","there's more than one a. to skin a cat
"
"There's no accounting for tastes
","there's no amounting for tastes
","there's no surmounting for tastes
"
"There's no fool like an old fool
","there's no yuille like an old yuille
","there's no apostolopoul like an old apostolopoul
"
"There's no place like home
","there's no apace like home
","there's no ace like home
"
"There's no smoke without fire
","there's no koch without fire
","there's no awoke without fire
"
"There's no such thing as a free lunch
","there's no such kring as a free lunch
","there's no such chang-ming as a free lunch
"
"There's no such thing as bad publicity
","there's no such unring as bad publicity
","there's no such chang-ming as bad publicity
"
"There's no time like the present
","there's no seim like the present
","there's no anticrime like the present
"
"There's none so blind as those who will not see
","there's number-one so blind as those who will not see
","there's aslan so blind as those who will not see
"
"There's none so deaf as those who will not hear
","there's homerun so deaf as those who will not hear
","there's aslan so deaf as those who will not hear
"
"There's nowt so queer as folk
","there's nowt so queer as folk
","there's nowt so queer as folk
"
"There's one born every minute
","there's one dorn every minute
","there's one bourn every minute
"
"There's safety in numbers
","there's flightsafety in numbers
","there's biosafety in numbers
"
"They that sow the wind, shall reap the whirlwind
","they that sow the fined, shall reap the whirlfined
","they that sow the bind, shall reap the whirlbind
"
"Third time lucky
","third haim lucky
","third anticrime lucky
"
"Those who do not learn from history are doomed to repeat it
","those who do not learn from mystery are doomed to repeat it
","those who do not learn from mystery are doomed to repeat it
"
"Those who live in glass houses shouldn't throw stones
","those who live in jas houses shouldn't throw stones
","those who live in amass houses shouldn't throw stones
"
"Those who sleep with dogs will rise with fleas
","those who sleep with scroggs will rise with fleas
","those who sleep with bogs will rise with fleas
"
"Thou shalt not kill
","disallow shalt not kill
","arau shalt not kill
"
"Time and tide wait for no man
","crime and tide wait for no man
","anticrime and tide wait for no man
"
"Time flies
","beim flies
","anticrime flies
"
"Time is a great healer
","beim is a great healer
","anticrime is a great healer
"
"Time is money
","part-time is money
","anticrime is money
"
"Time will tell
","beim will tell
","anticrime will tell
"
"'tis better to have loved and lost, than never to have loved at all
","'tis better to have loved and lost, than never to have loved at all
","'tis better to have loved and lost, than never to have loved at all
"
"To err is human; to forgive divine
","to err is human; to forgive wine
","to err is human; to forgive align
"
"To every thing there is a season
","to every ting there is a season
","to every chang-ming there is a season
"
"To the victor go the spoils
","to the richter go the spoils
","to the constrictor go the spoils
"
"To travel hopefully is a better thing than to arrive
","to travel hopefully is a better mei-ling than to arrive
","to travel hopefully is a better chang-ming than to arrive
"
"Tomorrow is another day
","tupelo is another day
","aburto is another day
"
"Tomorrow never comes
","dippolito never comes
","aburto never comes
"
"Too many cooks spoil the broth
","too many hooks spoil the broth
","too many books spoil the broth
"
"Truth is stranger than fiction
","youth is stranger than fiction
","bluth is stranger than fiction
"
"Truth will out
","sleuth will out
","bluth will out
"
"Two blacks don't make a white
","two lacks don't make a white
","two acts don't make a white
"
"Two heads are better than one
","two breads are better than one
","two beds are better than one
"
"Two is company, but three's a crowd
","two is bartee, but three's a crowd
","two is ability, but three's a crowd
"
"Two wrongs don't make a right
","two prolongs don't make a right
","two alongs don't make a right
"
"Variety is the spice of life
","propriety is the spice of life
","anxiety is the spice of life
"
"Virtue is its own reward
","virtue is its own reward
","virtue is its own reward
"
"Walls have ears
","rawles have ears
","alls have ears
"
"Walnuts and pears you plant for your heirs
","undercuts and pears you plant for your heirs
","clearcuts and pears you plant for your heirs
"
"Waste not want not
","spaced not want not
","aist not want not
"
"What can't be cured must be endured
","what can't be cured must be insured
","what can't be cured must be allured
"
"What goes up must come down
","what goes up must come lown
","what goes up must come uptown
"
"What you lose on the swings you gain on the roundabouts
","what you lose on the kings you gain on the roundabouts
","what you lose on the brings you gain on the roundabouts
"
"What's sauce for the goose is sauce for the gander
","what's yoss for the goose is yoss for the gander
","what's amoss for the goose is amoss for the gander
"
"When in Rome, do as the Romans do
","when in holm, do as the romans do
","when in bloem, do as the romans do
"
"When the cat's away the mice will play
","when the tat's away the mice will play
","when the arnatt's away the mice will play
"
"When the going gets tough, the tough get going
","when the going lorgnettes tough, the tough lorgnette going
","when the going abbetts tough, the tough abbett going
"
"When the oak is before the ash, then you will only get a splash; when the ash is before the oak, then you may expect a soak
","when the invoke is before the ash, then you will only get a splash; when the ash is before the invoke, then you may expect a sinvoke
","when the awoke is before the ash, then you will only get a splash; when the ash is before the awoke, then you may expect a sawoke
"
"What the eye doesn't see, the heart doesn't grieve over
","what the dwi doesn't see, the heart doesn't grieve over
","what the ai doesn't see, the heart doesn't grieve over
"
"Where there's a will there's a way
","where there's a will there's a faye
","where there's a will there's a a.
"
"Where there's muck there's brass
","where there's schuch there's brass
","where there's bruck there's brass
"
"While there's life there's hope
","while there's co-wife there's hope
","while there's fife there's hope
"
"Whom the Gods love die young
","whom the odds love die young
","whom the facades love die young
"
"Why keep a dog and bark yourself?
","why keep a haug and bark yourself?
","why keep a blog and bark yourself?
"
"Women and children first
","budiman and children first
","symon and children first
"
"Wonders will never cease
","blunders will never cease
","blunders will never cease
"
"Work expands so as to fill the time available
","magouirk expands so as to fill the time available
","berch expands so as to fill the time available
"
"Worrying never did anyone any good
","worrying never did overrun any good
","worrying never did blowgun any good
"
"You are never too old to learn
","you are never too old to urn
","you are never too old to zurn
"
"You are what you eat
","you are what you treat
","you are what you wheat
"
"You can choose your friends but you can't choose your family
","you can choose your backends but you can't choose your family
","you can choose your amends but you can't choose your family
"
"You can have too much of a good thing
","you can have too much of a good spring
","you can have too much of a good chang-ming
"
"You can lead a horse to water, but you can't make it drink
","you can lead a nourse to water, but you can't make it drink
","you can lead a borse to water, but you can't make it drink
"
"You can't have your cake and eat it
","you can't have your shrake and eat it
","you can't have your brake and eat it
"
"You can't get blood out of a stone
","you can't get blood out of a salone
","you can't get blood out of a arone
"
"You can't get blood out of a turnip
","you can't get blood out of a burnap
","you can't get blood out of a burnap
"
"You can't make a silk purse from a sow's ear
","you can't make a wilke purse from a sow's ear
","you can't make a bilk purse from a sow's ear
"
"You can't make an omelette without breaking eggs
","you can't make an omelette without breaking eggs
","you can't make an omelette without breaking eggs
"
"You can't make bricks without straw
","you can't make clicks without straw
","you can't make chicks without straw
"
"You can't run with the hare and hunt with the hounds
","you can't run with the scare and hunt with the hounds
","you can't run with the abair and hunt with the hounds
"
"You can't take it with you [when you die]
","you can't take it with you [when you die]
","you can't take it with you [when you die]
"
"You can't teach an old dog new tricks
","you can't teach an old cog new tricks
","you can't teach an old blog new tricks
"
"You can't judge a book by its cover
","you can't judge a chinook by its cover
","you can't judge a betook by its cover
"
"You can't win them all
","you can't win them thall
","you can't win them engwall
"
"You catch more flies with honey than with vinegar
","you catch more pint-size with honey than with vinegar
","you catch more allies with honey than with vinegar
"
"You pays your money and you takes your choice
","you pays your bunny and you takes your choice
","you pays your bunney and you takes your choice
"
"You reap what you sow
","you reap what you blau
","you reap what you powe
"
"You win some, you lose some
","you win gum, you lose gum
","you win yum, you lose yum
"
"Youth is wasted on the young
","wermuth is wasted on the young
","bluth is wasted on the young
"
"Wisdom comes with age
","wisdom comes with age
","wisdom comes with age
"
"Veni, vidi, vici: I came, I saw, I conquered.
","veni, vidi, vici: i came, i saw, i conquered.
","veni, vidi, vici: i came, i saw, i conquered.
"
"All the world's a stage.
","all the transworld's a stage.
","all the neworld's a stage.
"
