data/proverbs578,results/proverbs578_modified_criteria_0_2,results/proverbs578_modified_criteria_1_2
"A bad penny always turns up
","a bad penny always turns up
","a bad penny always turns up
"
"A barking dog never bites
","a thick_fog fog never bites
","a thick_fog fog never bites
"
"A bird in the hand is worth two in the bush
","a commands in the command is worth two in the bush
","a bands in the band is worth two in the bush
"
"A cat may look at a king
","a strings may look at a string
","a summer may look at a spring
"
"A chain is only as strong as its weakest link
","a don'tknow is only as strong as its weakest think
","a bblinking is only as strong as its weakest blink
"
"A change is as good as a rest
","a requested is as good as a request
","a behind_bars is as good as a arrest
"
"A dog is a man's best friend
","a fans is a fan's best friend
","a bans is a ban's best friend
"
"A drowning man will clutch at a straw
","a drowning drawn will clutch at a draw
","a drowning proverbial_jaw will clutch at a jaw
"
"A fish always rots from the head down
","a fish always rots from the spread down
","a fish always rots from the bread down
"
"A fool and his money are soon parted
","a funds and his sunny are soon parted
","a funds and his honey are soon parted
"
"A friend in need is a friend indeed
","a feeding in feed is a feeding indeed
","a bleeded in bleed is a bleeded indeed
"
"A golden key can open any door
","a golden skyrocket can open any soar
","a golden cores can open any core
"
"A good beginning makes a good ending
","a good printing makes a good ending
","a good beginning makes a good ending
"
"A good man is hard to find
","a good ban is hard to find
","a good ban is hard to find
"
"A house divided against itself cannot stand
","a mouse divided against itself cannot stand
","a mouse divided against itself cannot stand
"
"A person is known by the company he keeps
","a subsidiary is known by the indirectly he keeps
","a abilityto is known by the ability he keeps
"
"A house is not a home
","a mouse is not a  
","a domes is not a dome
"
"A journey of a thousand miles begins with a single step
","a journey of a thousand miles begins with a single step
","a journey of a thousand miles begins with a single step
"
"A leopard cannot change its spots
","a   cannot change its  
","a   cannot change its  
"
"A little knowledge is a dangerous thing
","a little kings is a dangerous king
","a little summer is a dangerous spring
"
"A little learning is a dangerous thing
","a little swings is a dangerous swing
","a little summer is a dangerous spring
"
"A little of what you fancy does you good
","a little of what you fancy does you good
","a little of what you fancy does you good
"
"A man is known by his friends
","a scan is known by his  
","a ban is known by his  
"
"A man who is his own lawyer has a fool for his client
","a plan who is his own   has a fool for his client
","a ban who is his own   has a fool for his client
"
"A miss is as good as a mile
","a tiles is as good as a tile
","a biles is as good as a bile
"
"A new broom sweeps clean
","a new room   clean
","a new assume   clean
"
"A nod's as good as a wink to a blind horse
","a shrivel's as good as a shrink to a blind horse
","a don't_blink's as good as a blink to a blind horse
"
"A penny saved is a penny earned
","a   saved is a   earned
","a   saved is a   earned
"
"A picture paints a thousand words
","a picture paints a thousand words
","a picture paints a thousand words
"
"A place for everything and everything in its place
","a progeny for offspring and offspring in its progeny
","a base for   and   in its base
"
"A poor workman always blames his tools
","a poor   always blames his  
","a poor   always blames his  
"
"A person is known by the company he keeps
","a possiblity is known by the possibility he keeps
","a abilityto is known by the ability he keeps
"
"A problem shared is a problem halved
","a problem shared is a problem halved
","a problem shared is a problem halved
"
"A prophet is not recognized in his own land
","a farmstand is not recognized in his own stand
","a bands is not recognized in his own band
"
"A rising tide lifts all boats
","a rising allied lifts all  
","a rising alongside lifts all  
"
"A rolling stone gathers no moss
","a rolling groan   no moss
","a rolling bone   no moss
"
"A soft answer turneth away wrath
","a soft baths turneth away bath
","a soft baths turneth away bath
"
"A stitch in time saves nine
","a climbing in climb saves nine
","a climbing in climb saves nine
"
"A swarm in May is worth a load of hay; a swarm in June is worth a silver spoon; but a swarm in July is not worth a fly
","a modes in may is worth a mode of hay; a modes in june is worth a silver spoon; but a modes in july is not worth a fly
","a codes in may is worth a code of hay; a codes in june is worth a silver spoon; but a codes in july is not worth a fly
"
"A thing of beauty is a joy forever
","a Beauty of duty is a joy forever
","a Beauty of duty is a joy forever
"
"A trouble shared is a trouble halved
","a triple shared is a triple halved
","a   shared is a   halved
"
"A volunteer is worth twenty pressed men
","a when is worth twenty pressed then
","a beer is worth twenty pressed  
"
"A watched pot never boils
","a watched slot never  
","a watched dot never  
"
"A woman is only a woman, but a good cigar is a smoke
","a   is only a  , but a good cigar is a smoke
","a   is only a  , but a good cigar is a smoke
"
"A woman's place is in the home
","a bases's base is in the home
","a bases's base is in the home
"
"A woman's work is never done
","a  's   is never done
","a clerking's clerk is never done
"
"A word to the wise is enough
","a comprises to the comprise is enough
","a advised to the advise is enough
"
"Absence makes the heart grow fonder
","charts makes the chart grow fonder
","carts makes the cart grow fonder
"
"Absolute power corrupts absolutely
","absolute flower   absolutely
","absolute flour   absolutely
"
"Accidents will happen (in the best-regulated families).
","  will happen (in the best-regulated  ).
","  will happen (in the best-regulated  ).
"
"Actions speak louder than words
","  speak louder than  
","  speak louder than  
"
"Adversity makes strange bedfellows
","library makes strange  
","ability makes strange  
"
"After a storm comes a calm
","after a bombs comes a bomb
","after a bombs comes a bomb
"
"All good things come to he who waits
","all good things come to he who waits
","all good things come to he who waits
"
"All good things must come to an end
","all good intintends must come to an intend
","all good defending must come to an defend
"
"All is grist that comes to the mill
","all is grist that comes to the kill
","all is grist that comes to the bill
"
"All publicity is good publicity
","all unobtrusiveness is good unobtrusiveness
","all electricty is good electricty
"
"All roads lead to Rome
","all roads lead to rome
","all roads lead to rome
"
"All that glisters is not gold
","all that glisters is not gold
","all that glisters is not gold
"
"All that glitters is not gold
","all that glitters is not gold
","all that glitters is not gold
"
"All the world loves a lover
","all the paramour loves a hover
","all the paramour loves a cover
"
"All things come to those who wait
","all things come to those who wait
","all things come to those who wait
"
"All things must pass
","all things must pass
","all things must pass
"
"All work and no play makes Jack a dull boy
","all classical_ballet and no ballet makes jack a dull boy
","all classical_ballet and no ballet makes jack a dull boy
"
"All you need is love
","all you need is of
","all you need is love
"
"All's fair in love and war
","all's fair in examine and explore
","all's fair in McChrystal_counterinsurgency and core
"
"All's for the best in the best of all possible worlds
","all's for the best in the best of all possible worlds
","all's for the best in the best of all possible worlds
"
"All's well that ends well
","all's hotel that ends hotel
","all's bell that ends bell
"
"A miss is as good as a mile
","a kilometer is as good as a hostile
","a biles is as good as a bile
"
"An apple a day keeps the doctor away
","an laying a lay keeps the doctor away
","an classical_ballet a ballet keeps the doctor away
"
"An army marches on its stomach
","an     on its stomach
","an     on its stomach
"
"An Englishman's home is his castle
","an domes's dome is his castle
","an domes's dome is his castle
"
"An eye for an eye, a tooth for a tooth
","an tied for an tied, a tooth for a tooth
","an sell for an sell, a tooth for a tooth
"
"An ounce of prevention is worth a pound of cure
","an Retention of retention is worth a pound of cure
","an atten_tion of attention is worth a pound of cure
"
"Another day, another dollar
","another Orpheus_Myth, another scholar
","another collars, another collar
"
"Any port in a storm
","any conforms in a conform
","any conforms in a conform
"
"Appearances can be deceptive
","appearances can be deceptive
","appearances can be deceptive
"
"April is the cruellest month
","april is the cruellest month
","april is the cruellest month
"
"April showers bring forth May flowers
","april south bring north may flowers
","april   bring   may flowers
"
"As thick as thieves
","as trick as  
","as brick as  
"
"As you make your bed, so you must lie upon it
","as you make your red, so you must lie upon it
","as you make your bread, so you must lie upon it
"
"As you sow so shall you reap
","as you sow so shall you heap
","as you sow so shall you keep
"
"Ashes to ashes dust to dust
","  to   dust to dust
","  to   dust to dust
"
"Ask a silly question and you'll get a silly answer
","ask a silly pancreatic_cancer and you'll get a silly cancer
","ask a silly pancreatic_cancer and you'll get a silly cancer
"
"Ask no questions and hear no lies
","ask no suprise and hear no surprise
","ask no   and hear no  
"
"Attack is the best form of defence
","transtransforming is the best transform of defence
","conconformity is the best conform of defence
"
"Bad money drives out good
","bad funny   out good
","bad honey   out good
"
"Bad news travels fast
","bad accuse   fast
","bad abuse   fast
"
"Barking dogs seldom bite
","barking dogs seldom bite
","barking dogs seldom bite
"
"Be careful what you wish for
","be careful what you wish roar
","be careful what you wish before
"
"Beat swords into ploughshares
","toward towards into ploughshares
","toward towards into ploughshares
"
"Beauty is in the eye of the beholder
","rely_heavily is in the rely of the beholder
","sell is in the buy of the beholder
"
"Beauty is only skin deep
","sweeper is only skin sweep
","creeper is only skin creep
"
"Beggars should not be choosers
","beggars should not be choosers
","beggars should not be choosers
"
"Behind every great man there's a great woman
","behind every great plan there's a great woplan
","behind every great ban there's a great woban
"
"Better late than never
","better late than whenever
","better late than clever
"
"Better safe than sorry
","better safe than sorry
","better safe than sorry
"
"Better the Devil you know than the Devil you don't
","better the levels you know than the levels you don't
","better the levels you know than the levels you don't
"
"Better to have loved and lost than never to have loved at all
","better to have loved and lost than never to have loved at small
","better to have loved and lost than never to have loved at all
"
"Better to light a candle than to curse the darkness
","better to light a scandal than to curse the  
","better to light a scandal than to curse the  
"
"Better to remain silent and be thought a fool that to speak and remove all doubt
","better to remain silent and be thought a shouts that to speak and remove all shout
","better to remain silent and be thought a routes that to speak and remove all route
"
"Beware of Greeks bearing gifts
","rare of   bearing gifts
","affair of   bearing gifts
"
"Beware the Ides of March
","beware the ides of  
","beware the procession of arch
"
"Big fish eat little fish
","big Receipt receipt little Receipt
","big Kluwe_tweets concrete little Kluwe_tweets
"
"Birds of a feather flock together
","suede of a leather flock together
","suede of a leather flock together
"
"Blessed are the peacemakers
","blessed are the peacemakers
","blessed are the peacemakers
"
"Blood is thicker than water
","flood is thicker than  
","stepdaughter is thicker than daughter
"
"Blue are the hills that are far away
","view are the   that are far away
","clue are the   that are far away
"
"Boys will be boys
","  will be  
","  will be  
"
"Brevity is the soul of wit
","entire is the whole of wit
","bowls is the bowl of wit
"
"Business before pleasure
","enjoyment before leisure
","enjoyment before leisure
"
"Caesar's wife must be above suspicion
","husband's life must be above suspicion
","husband's life must be above suspicion
"
"Carpe diem (Pluck the day; Seize the day)
","cr√®me cream (pluck the day; seize the day)
","beams beam (pluck the day; seize the day)
"
"Charity begins at home
","Kasota_stone begins at dome
","Kasota_stone begins at dome
"
"Charity covers a multitude of sins
","myriad covers a magnitude of sins
","myriad covers a attitude of sins
"
"Cheaters never win and winners never cheat
","  never win and   never cheat
","  never win and   never cheat
"
"Cheats never prosper
","cheats never prosper
","cheats never prosper
"
"Children and fools tell the truth
","  and   tell the truth
","  and   tell the truth
"
"Children should be seen and not heard
","children should be seen and not heard
","children should be seen and not heard
"
"Christmas comes but once a year
","month comes but once a peer
","beers comes but once a beer
"
"Cleanliness is next to godliness
","cleanliness is next to godliness
","cleanliness is next to godliness
"
"Clothes maketh the man
","bans maketh the ban
","bans maketh the ban
"
"Cold hands, warm heart
","cold myocardial_infarct, warm apart
","cold carts, warm cart
"
"Comparisons are odious
","comparisons are odious
","comparisons are odious
"
"Count your blessings
","count your blessings
","count your blessings
"
"Cowards may die many times before their death
","often may die many sometimes before their death
","  may die many   before their death
"
"Crime doesn't pay
","time doesn't pay
","climb doesn't pay
"
"Cut your coat to suit your cloth
","cut your quote to suit your  
","cut your boat to suit your  
"
"Dead men tell no tales
","dead pen tell no  
","dead   tell no  
"
"Devil take the hindmost
","devil take the hindmost
","devil take the hindmost
"
"Discretion is the better part of valour
","charts is the better chart of valour
","carts is the better cart of valour
"
"Distance lends enchantment to the view
","revisit lends enchantment to the renew
","clues lends enchantment to the clue
"
"Do as I say, not as I do
","do as eyes say, not as eyes do
","do as   say, not as   do
"
"Do as you would be done by
","do as you would be done reply
","do as you would be done by
"
"Do unto others as you would have them do to you
","do unto others as you would have them do to you
","do unto others as you would have them do to you
"
"Don't bite the hand that feeds you
","don't bite the understand that feeds you
","don't bite the band that feeds you
"
"Don't burn your bridges behind you
","don't burn your bridges behind you
","don't burn your bridges behind you
"
"Don't cast your pearls before swine
","don't cast your PRRS_virus before design
","don't cast your assigning before assign
"
"Don't change horses in midstream
","don't change Mainstream in mainstream
","don't change Mainstream in mainstream
"
"Don't count your chickens before they are hatched
","don't count your chickens before they are hatched
","don't count your chickens before they are hatched
"
"Don't cross the bridge till you come to it
","don't cross the Drill drill you come to it
","don't cross the legislation bill you come to it
"
"Don't cut off your nose to spite your face
","don't cut off your laced to spite your lace
","don't cut off your facing to spite your base
"
"Don't get mad, get even
","don't get mad, get even
","don't get mad, get even
"
"Don't keep a dog and bark yourself
","don't keep a remarks and remark yourself
","don't keep a Primerica_Citi and arc yourself
"
"Don't leave your manners on the doorstep
","don't leave your footsteps on the footstep
","don't leave your footsteps on the footstep
"
"Don't let the bastards grind you down
","don't let the bastards grind you down
","don't let the bastards grind you down
"
"Don't let the cat out of the bag
","don't let the drags out of the drag
","don't let the flags out of the flag
"
"Don't let the grass grow under your feet
","don't let the high low under your feet
","don't let the shrink bow under your feet
"
"Don't meet troubles half-way
","don't meet troubles half-way
","don't meet troubles half-way
"
"Don't mix business with pleasure
","don't mix treasures with treasure
","don't mix enjoyment with leisure
"
"Don't put all your eggs in one basket
","don't put all your   in one  
","don't put all your   in one  
"
"Don't put the cart before the horse
","don't put the endorsing before the endorse
","don't put the courses before the course
"
"Don't put new wine into old bottles
","don't put new mine into old  
","don't put new assign into old  
"
"Don't rock the boat
","don't rock the throat
","don't rock the coat
"
"Don't shoot the messenger
","don't shoot the messenger
","don't shoot the messenger
"
"Don't spoil the ship for a ha'porth of tar
","don't spoil the ship for a ha'porth of tar
","don't spoil the ship for a ha'porth of tar
"
"Don't sweat the small stuff
","don't sweat the small tough
","don't sweat the small stuff
"
"Don't throw pearls to swine
","don't throw pearls to swine
","don't throw pearls to swine
"
"Don't teach your Grandma to suck eggs
","don't teach your grandma to suck  
","don't teach your grandma to suck  
"
"Don't throw the baby out with the bathwater
","don't throw the baby out with the bathwater
","don't throw the baby out with the bathwater
"
"Don't trust anyone over thirty
","don't trust twenty over petty
","don't trust forty over ability
"
"Don't try to run before you can walk
","don't try to run before you can talk
","don't try to run before you can walk
"
"Don't try to walk before you can crawl
","don't try to walk before you can haul
","don't try to walk before you can haul
"
"Don't upset the apple-cart
","don't upset the apple-cart
","don't upset the apple-cart
"
"Don't wash your dirty linen in public
","don't wash your dirty linen in public
","don't wash your dirty linen in public
"
"Doubt is the beginning not the end of wisdom
","offends is the beginning not the offend of wisdom
","defends is the beginning not the defend of wisdom
"
"Early to bed and early to rise, makes a man healthy, wealthy and wise
","early to motorcyclist and early to rise, makes a van healthy, wealthy and wise
","early to bans and early to rise, makes a ban healthy, wealthy and wise
"
"East is east, and west is west
","beast is beast, and west is west
","beast is beast, and west is west
"
"East, west, home's best
","tests, test, home's best
","arrests, arrest, home's best
"
"Easy come, easy go
","easy drum, easy go
","easy drum, easy go
"
"Eat, drink and be merry, for tomorrow we die
","satin_corset, pink and be merry, for tomorrow we die
","don't_blink, blink and be merry, for tomorrow we die
"
"Empty vessels make the most noise
","empty vessels make the most noise
","empty vessels make the most noise
"
"Enough is as good as a feast
","enough is as good as a priest
","enough is as good as a beast
"
"Enough is enough
","tough is tough
","stuff is stuff
"
"Even a worm will turn
","even a firm will turn
","even a confirm will turn
"
"Every cloud has a silver lining
","every crowd has a   lining
","every   has a   lining
"
"Every dog has its day
","every delayed has its delay
","every classical_ballet has its ballet
"
"Every little helps
","every little helps
","every little helps
"
"Every man for himself, and the Devil take the hindmost
","every levels for himself, and the level take the hindmost
","every ban for himself, and the   take the hindmost
"
"Every man has his price
","every nices has his nice
","every advices has his advice
"
"Every picture tells a story
","every glories tells a glory
","every glories tells a glory
"
"Every stick has two ends
","every pick has two  
","every brick has two  
"
"Everyone wants to go to heaven but nobody wants to die
","rarely wants to go to heaven but occasionally wants to die
","inability wants to go to heaven but ability wants to die
"
"Everything comes to him who waits
","everything comes to him who waits
","everything comes to him who waits
"
"Failing to plan is planning to fail
","failing to fan is fanning to fail
","failing to ban is banning to fail
"
"Faint heart never won fair lady
","faint cart never won fair  
","faint cart never won fair  
"
"Fair exchange is no robbery
","fair arrange is no  
","fair arrange is no  
"
"Faith will move mountains
","  will move  
","  will move  
"
"Familiarity breeds contempt
","clarity   contempt
","clarity   contempt
"
"Feed a cold and starve a fever
","feed a cold and starve a receiver
","feed a cold and starve a receiver
"
"Fight fire with fire
","hiring hire with hire
","buyers buyer with buyer
"
"Fight the good fight
","tight the good tight
","bite the good bite
"
"Finders keepers, losers weepers
","   , losers weepers
","   , losers weepers
"
"Fine words butter no parsnips
","fine saucepan_stirring mutter no parsnips
","fine saucepan_stirring mutter no parsnips
"
"First come, first served
","first come, first served
","first come, first served
"
"First impressions are the most lasting
","first impressions are the most lasting
","first impressions are the most lasting
"
"First things first
","first things first
","first things first
"
"Fish always stink from the head down
","fish always stink from the spread down
","fish always stink from the bread down
"
"Fish and guests smell after three days
","wish and   smell after three days
","  and   smell after three days
"
"Flattery will get you nowhere
","battery will get you nowhere
","battery will get you nowhere
"
"Fools rush in where angels fear to tread
","flammable_bbrush brush in where angels fear to tread
","flammable_bbrush brush in where angels fear to tread
"
"For everything there is a season
","for   there is a  
","for reasons there is a reason
"
"For want of a nail the shoe was lost; for want of a shoe the horse was lost; and for want of a horse the man was lost
","for prevailed of a prevail the shoe was lost; for prevailed of a shoe the horse was lost; and for prevailed of a horse the man was lost
","for Bail of a bail the shoe was lost; for Bail of a shoe the horse was lost; and for Bail of a horse the man was lost
"
"Forewarned is forearmed
","forewarned is forearmed
","forewarned is forearmed
"
"Forgive and forget
","forgive and upset
","forgive and forget
"
"Fortune favours the brave
","caves favours the cave
","misbehave favours the behave
"
"From the sublime to the ridiculous is only one step
","from the   to the   is only one step
","from the climb to the   is only one step
"
"Genius is an infinite capacity for taking pains
","  is an infinite   for taking pains
","  is an infinite   for taking pains
"
"Genius is one percent inspiration, ninety-nine percent perspiration
","% is one content inspiration, ninety-nine content perspiration
","% is one accent inspiration, ninety-nine accent perspiration
"
"Give a man a fish and you will feed him for a day...
","give a claycourt a fish and you will feed him for a clay...
","give a classical_ballet a fish and you will feed him for a ballet...
"
"Give a dog a bad name and hang him
","give a surexclaim a bad exclaim and hang him
","give a objective a bad aim and hang him
"
"Give a man enough rope and he will hang himself
","give a soaps enough soap and he will hang himself
","give a copes enough cope and he will hang himself
"
"Give credit where credit is due
","give WNYC_reserves where WNYC_reserves is due
","give WNYC_reserves where WNYC_reserves is due
"
"Give the Devil his due
","give the level his due
","give the level his due
"
"Go the extra mile
","go the extra style
","go the extra bile
"
"God helps those who help themselves
","facade helps those who help themselves
","facade helps those who help themselves
"
"Good fences make good neighbours
","good   make good  
","good   make good  
"
"Good talk saves the food
","good moods saves the mood
","good concluding saves the conclude
"
"Good things come in small packages
","good things come in small packages
","good things come in small packages
"
"Good things come to those who wait
","good things come to those who wait
","good things come to those who wait
"
"Great minds think alike
","great minds think alike
","great minds think alike
"
"Half a loaf is better than no bread
","calf a   is better than no bread
","behalf a   is better than no bread
"
"Handsome is as handsome does
","  is as   does
","  is as   does
"
"Hard cases make bad law
","hard withdrawing make bad withdraw
","hard cheekbone make bad jaw
"
"Hard work never did anyone any harm
","hard clerk never did   any harm
","hard clerk never did   any harm
"
"Haste makes waste
","  makes  
","tasted makes taste
"
"He that goes a-borrowing, goes a-sorrowing
","he that goes a-borrowing, goes a-sorrowing
","he that goes a-borrowing, goes a-sorrowing
"
"He who can does, he who cannot, teaches
","he who can does, he who cannot, teaches
","he who can does, he who cannot, teaches
"
"He who fights and runs away, may live to fight another day
","he who fights and runs away, may live to fight another say
","he who fights and runs away, may live to fight another ballet
"
"He who hesitates is lost
","he who hesitates is exhaust
","he who hesitates is lost
"
"He who laughs last laughs longest
","he who laughs last laughs longest
","he who laughs last laughs longest
"
"He who lives by the sword shall die by the sword
","he who lives by the records shall die by the records
","he who lives by the pact shall die by the pact
"
"He who pays the piper calls the tune
","he who pays the balloons calls the balloon
","he who pays the morning calls the afternoon
"
"He who sups with the Devil should have a long spoon
","he who sups with the Whisk_egg_whites should have a long tune
","he who sups with the morning should have a long afternoon
"
"Hell hath no fury like a woman scorned
","compel hath no   like a woman scorned
","jurors hath no jury like a woman scorned
"
"Hindsight is always twenty-twenty
","midnight is always twenty-twenty
","highlight is always twenty-twenty
"
"History repeats itself
","mystery   itself
","mystery   itself
"
"Home is where the heart is
","partof is where the part is
","carts is where the cart is
"
"Honesty is the best policy
","honesty is the best policy
","honesty is the best policy
"
"Hope springs eternal
","rope   eternal
","cope   eternal
"
"Horses for courses
","  for  
","  for  
"
"If anything can go wrong, it will
","if anything can go wrong, it will
","if anything can go wrong, it will
"
"If a job is worth doing it is worth doing well
","if a rob is worth doing it is worth doing well
","if a rob is worth doing it is worth doing well
"
"If at first you don't succeed try, try and try again
","if at first you don't succeed try, try and try when
","if at first you don't succeed try, try and try then
"
"If God had meant us to fly he'd have given us wings
","if god had meant us to fly he'd have given us wings
","if god had meant us to fly he'd have given us wings
"
"If ifs and ands were pots and pans there'd be no work for tinkers
","if   and   were pots and pans there'd be no work for tinkers
","if   and   were pots and pans there'd be no work for tinkers
"
"If it ain't broke, don't fix it
","if spit ain't broke, don't fix spit
","if it ain't broke, don't fix it
"
"If life deals you lemons, make lemonade
","if wife   you lemons, make lemonade
","if knife   you lemons, make lemonade
"
"If the cap fits, wear it
","if the lap  , wear it
","if the chap  , wear it
"
"If the mountain won't come to Mohammed, then Mohammed must go to the mountain
","if the fountains won't come to mohammed, then mohammed must go to the fountains
","if the fountains won't come to mohammed, then mohammed must go to the fountains
"
"If the shoe fits, wear it
","if the screw  , wear it
","if the clue  , wear it
"
"If wishes were horses, beggars would ride
","if   were  , beggars would ride
","if   were  , beggars would ride
"
"If you build it they will come
","if you build it they will from
","if you build it they will come
"
"If you can't be good, be careful
","if you can't be good, be careful
","if you can't be good, be careful
"
"If you can't beat em, join em
","if you can't beat condemn, join condemn
","if you can't beat condemn, join condemn
"
"If you can't stand the heat get out of the kitchen
","if you can't stand the wheat get out of the  
","if you can't stand the concrete get out of the  
"
"If you lie down with dogs, you will get up with fleas
","if you lie down with cheddar, you will get up with cheese
","if you lie down with  , you will get up with  
"
"If you pay peanuts, you get monkeys
","if you pay peanuts, you get  
","if you pay peanuts, you get  
"
"If you want a thing done well, do it yourself
","if you want a fling done well, do it yourself
","if you want a spring done well, do it yourself
"
"Ignorance is bliss
","ignorance is bliss
","ignorance is bliss
"
"Imitation is the sincerest form of flattery
","norms is the sincerest norm of flattery
","conforms is the sincerest conform of flattery
"
"In for a penny, in for a pound
","in for a arounder, in for a around
","in for a comcompounds, in for a compound
"
"In the kingdom of the blind the one eyed man is king
","in the reminding of the remind the one eyed man is king
","in the binds of the bind the one eyed man is king
"
"In the midst of life we are in death
","in the husband of wife we are in death
","in the kitchen_knife of knife we are in death
"
"Into every life a little rain must fall
","into every heavy_constrain a little constrain must fall
","into every heavy_ascertain a little ascertain must fall
"
"It ain't over till the fat lady sings
","it ain't over till the fat    
","it ain't over till the fat    
"
"It goes without saying
","it goes without saying
","it goes without saying
"
"It is best to be on the safe side
","it is best to be on the safe applied
","it is best to be on the safe alongside
"
"It is better to give than to receive
","it is better to give than to achieve
","it is better to give than to receive
"
"It is easy to be wise after the event
","it is easy to be wise after the extent
","it is easy to be wise after the accent
"
"It never rains but it pours
","it never rains but it corps
","it never rains but it pours
"
"It takes a thief to catch a thief
","it takes a lengthy to catch a lengthy
","it takes a meat to catch a meat
"
"It takes all sorts to make a world
","it takes all   to make a  
","it takes all   to make a  
"
"It takes one to know one
","it takes sun to know sun
","it takes one to know one
"
"It takes two to tango
","it takes two to tango
","it takes two to tango
"
"It's all grist to the mill
","it's all can to the will
","it's all legislation to the bill
"
"It's an ill wind that blows no one any good
","it's an ill sons that blows no son any good
","it's an ill funnest that blows no fun any good
"
"It's better to give than to receive
","it's better to give than to relieve
","it's better to give than to receive
"
"It's better to have loved and lost than never to have loved at all
","it's better to have loved and lost than never to have loved at crawl
","it's better to have loved and lost than never to have loved at all
"
"It's better to light a candle than curse the darkness
","it's better to light a scandal than curse the  
","it's better to light a scandal than curse the  
"
"It's better to travel hopefully than to arrive
","it's better to travel hopefully than to revive
","it's better to travel hopefully than to arrive
"
"It's never too late
","it's never too wait
","it's never too great
"
"It's no use crying over spilt milk
","it's no dairy crying over spilt silk
","it's no dairy crying over spilt silk
"
"It's no use locking the stable door after the horse has bolted
","it's no drawers locking the stable drawer after the horse has bolted
","it's no cores locking the stable core after the horse has bolted
"
"It's the early bird that catches the worm
","it's the early Schmugar that catches the term
","it's the early confirmed that catches the confirm
"
"It's the empty can that makes the most noise
","it's the empty can that makes the most noise
","it's the empty can that makes the most noise
"
"It's the singer not the song
","it's the Wrong not the wrong
","it's the linger not the  
"
"It's the squeaky wheel that gets the grease
","it's the squeaky Dissident_republicans_opposed that gets the peace
","it's the squeaky ceasing that gets the cease
"
"Jack of all trades, master of none
","pack of all  , master of none
","helps of all aids, master of none
"
"Judge not, that ye be not judged
","judge not, that ye be not judged
","judge not, that ye be not judged
"
"Keep your chin up
","keep your within up
","keep your bin up
"
"Keep your friends close and your enemies closer
","keep your   close and your   closer
","keep your   close and your   closer
"
"Keep your powder dry
","keep your cries cry
","keep your sell buy
"
"Laugh and the world laughs with you, weep and you weep alone
","calf and the   calfs with you, weep and you weep alone
","behalf and the   behalfs with you, weep and you weep alone
"
"Laughter is the best medicine
","thereafter is the best  
","  is the best  
"
"Least said, soonest mended
","feast said, soonest mended
","beast said, soonest mended
"
"Less is more
","less is roar
","less is more
"
"Let bygones be bygones
","let   be  
","let   be  
"
"Let not the sun go down on your wrath
","let not the paths go down on your path
","let not the baths go down on your bath
"
"Let sleeping dogs lie
","let sleeping rely_heavily rely
","let sleeping sell buy
"
"Let the buyer beware
","let the Beware affair
","let the Beware affair
"
"Let the dead bury the dead
","let the dead vary the dead
","let the dead dairy the dead
"
"Let the punishment fit the crime
","let the climbing fit the climb
","let the climbing fit the climb
"
"Let well alone
","let well unknown
","let well alone
"
"Life begins at forty
","knife begins at  
","knife begins at  
"
"Life is just a bowl of cherries
","wholes is just a whole of cherries
","coals is just a coal of cherries
"
"Life is what you make it
","life is what you make it
","knife is what you make it
"
"Life's not all beer and skittles
","microbrewer's not all premier and skittles
","careers's not all career and skittles
"
"Lightning never strikes twice in the same place
","lightning never finish twice in the same pace
","lightning never spot twice in the same base
"
"Like father, like son
","like father, like nun
","like father, like fun
"
"Little pitchers have big ears
","little   have big  
","little   have big  
"
"Little strokes fell great oaks
","little   fell great  
","little   fell great  
"
"Little things please little minds
","little   please little  
","little   please little  
"
"Live and learn
","live and concern
","live and learn
"
"Live for today for tomorrow never comes
","spraying for spray for tomorrow never comes
","classical_ballet for ballet for tomorrow never comes
"
"Look before you leap
","book before you leap
","book before you leap
"
"Love of money is the root of all evil
","funds of honey is the root of all evil
","funds of honey is the root of all evil
"
"Love is blind
","above is blind
","glove is blind
"
"Love makes the world go round
","  makes the   go round
","glove makes the   go round
"
"Love thy neighbour as thyself
","love thy labour as shelf
","love thy   as shelf
"
"Love will find a way
","salmon_spawning_grounds will find a bay
","classical_ballet will find a ballet
"
"Make hay while the sun shines
","make metric_ton while the tonne shines
","make fun_rays while the fun shines
"
"Make love not war
","make ignoring not ignore
","make McChrystal_counterinsurgency not core
"
"Man does not live by bread alone
","spreads does not live by spread alone
","butter does not live by head alone
"
"Manners maketh man
","scans maketh scan
","bans maketh ban
"
"Many a little makes a mickle
","many a little makes a mickle
","many a little makes a mickle
"
"Many a mickle makes a muckle
","many a mickle makes a muckle
","many a mickle makes a muckle
"
"Many a true word is spoken in jest
","many a true abdomen is spoken in chest
","many a true arrests is spoken in arrest
"
"Many are called but few are chosen
","many are called but few are frozen
","many are called but few are chosen
"
"Many hands make light work
","many jerkaholic make light jerk
","many clerks make light clerk
"
"March comes in like a lion, and goes out like a lamb
","ions comes in like a ion, and goes out like a lamb
","ions comes in like a ion, and goes out like a lamb
"
"March winds and April showers bring forth May flowers
","    and april showers bring forth may flowers
","arch   and april showers bring forth may flowers
"
"Marriages are made in heaven
","  are made in  
","  are made in  
"
"Marry in haste, repent at leisure
","waists in waist, repent at leisure
","aftertaste in taste, repent at leisure
"
"Might is right
","might is cite
","might is alright
"
"Mighty oaks from little acorns grow
","mighty   from little   grow
","mighty   from little   grow
"
"Misery loves company
","corporation loves petty
","abilityto loves ability
"
"Moderation in all things
","evaluation in all  
","accommodation in all  
"
"Monday's child is fair of face, 
","infant's mild is fair of face, 
","infant's mild is fair of face, 
"
"Tuesday's child is full of grace,
","Pinocchio_Pleasure_Island's wild is full of grace,
","infant's mild is full of grace,
"
"Wednesday's child is full of woe,
","infant's mild is full of woe,
","infant's mild is full of woe,
"
"Thursday's child has far to go,
","mildren's mild has far to go,
","mildren's mild has far to go,
"
"Friday's child is loving and giving,
","Pinocchio_Pleasure_Island's wild is loving and giving,
","infant's mild is loving and giving,
"
"Saturday's child works hard for its living,
","infant's mild works hard for its living,
","infant's mild works hard for its living,
"
"And a child that's born on the Sabbath day
","and a child that's born on the sabbath day
","and a child that's born on the sabbath day
"
"Is fair and wise and good and gay.
","is fair and homosexual and good and portray.
","is fair and lesbian and good and ballet.
"
"Money doesn't grow on trees
","budworm doesn't grow on disease
","honey doesn't grow on  
"
"Money is the root of all evil
","routes is the route of all evil
","booting is the boot of all evil
"
"Money isn't everything
","progeny isn't offspring
","honey isn't  
"
"Money makes the world go round
","funny makes the   go round
","honey makes the   go round
"
"Money talks
","honey  
","honey  
"
"More haste, less speed
","more reads, less read
","more bleeds, less bleed
"
"Music has charms to soothe the savage breast
","music has charms to soothe the savage breast
","music has charms to soothe the savage breast
"
"Nature abhors a vacuum
","nature abhors a vacuum
","nature abhors a vacuum
"
"Necessity is the mother of invention
","son is the brother of invention
","son is the brother of invention
"
"Needs must when the devil drives
","  must when the   drives
","Satan must when the level drives
"
"Ne'er cast a clout till May be out
","ne'er cast a unbill bill may be out
","ne'er cast a unbill bill may be out
"
"Never give a sucker an even break
","never give a shareholding an even stake
","never give a mistakes an even mistake
"
"Never go to bed on an argument
","never go to bed on an argument
","never go to bed on an argument
"
"Never judge a book by its cover
","never tome a look by its cover
","never cookcook a cook by its cover
"
"Never let the sun go down on your anger
","never let the run go down on your  
","never let the fun go down on your  
"
"Never look a gift horse in the mouth
","never look a courses course in the mouth
","never look a courses course in the mouth
"
"Never put off until tomorrow what you can do today
","never put off until ways what you can do way
","never put off until classical_ballet what you can do ballet
"
"Never speak ill of the dead
","never speak mill of the dead
","never speak bill of the dead
"
"Never tell tales out of school
","never tell shcool out of fool
","never tell elementary out of cruel
"
"Nine tailors make a man
","nine could make a can
","nine bans make a ban
"
"No man can serve two masters
","no plan can serve two  
","no ban can serve two  
"
"No man is an island
","no fan is an  
","no ban is an  
"
"No names, no pack-drill
","no names, no pack-drill
","no names, no pack-drill
"
"No news is good news
","no refusing is good refusing
","no sexual_abuse is good sexual_abuse
"
"No one can make you feel inferior without your consent
","no tents can make you feel inferior without your tent
","no accents can make you feel inferior without your accent
"
"No pain, no gain
","no thwart, no restrain
","no ascertaining, no ascertain
"
"No rest for the wicked
","no quest for the wicked
","no arrest for the wicked
"
"Nothing new under the sun
","tonlight new under the ton
","funlight new under the fun
"
"Nothing is certain but death and taxes
","breaths is certain but breath and taxes
","breaths is certain but breath and taxes
"
"Nothing succeeds like success
","confesses succeeds like confess
","evaluate succeeds like assess
"
"Nothing ventured, nothing gained
","nothing ventured, nothing gained
","nothing ventured, nothing gained
"
"Oil and water don't mix
","mother and daughter don't mix
","mother and daughter don't mix
"
"Old soldiers never die, they just fade away
","old soldiers never die, they just fade away
","old soldiers never die, they just fade away
"
"Once a thief, always a thief
","once a sorrow, always a sorrow
","once a meat, always a meat
"
"Once bitten, twice shy
","once bitten, twice why
","once bitten, twice buy
"
"One good turn deserves another
","one good return deserves another
","one good burn deserves another
"
"One half of the world does not know how the other half lives
","one laugh of the   does not know how the other laugh lives
","one behalf of the   does not know how the other behalf lives
"
"One hand washes the other
","one stand washes the other
","one band washes the other
"
"One man's meat is another man's poison
","one receipts's receipt is another receipts's poison
","one concretes's concrete is another concretes's poison
"
"One might as well be hanged for a sheep as a lamb
","lamb_yardings might as well be hanged for a steep as a lamb
","lambs might as well be hanged for a sweep as a lamb
"
"One law for the rich and another for the poor
","one draw for the rich and another for the poor
","one jaw for the rich and another for the poor
"
"One swallow does not make a summer
","one follow does not make a  
","one   does not make a  
"
"One volunteer is worth ten pressed men
","one fifteen is worth then pressed men
","one beer is worth   pressed men
"
"One year's seeding makes seven years weeding
","one proceed's proceeding makes seven proceeds weeding
","one beer's   makes seven beers weeding
"
"Only fools and horses work
","only   and   work
","only   and   work
"
"Opportunity never knocks twice at any man's door
","scans never knocks twice at any scan's door
","bans never knocks twice at any ban's door
"
"Opposites attract
","opposites attract
","opposites attract
"
"Out of sight, out of mind
","out of binds, out of bind
","out of binds, out of bind
"
"Parsley seed goes nine times to the Devil
","precedes precede goes nine times to the devil
","bled bleed goes nine times to the devil
"
"Patience is a virtue
","patience is a virtue
","patience is a virtue
"
"Pearls of wisdom
","pearls of wisdom
","pearls of wisdom
"
"Penny wise and pound foolish
","surprising surprise and pound foolish
","advised advise and pound foolish
"
"People who live in glass houses shouldn't throw stones
","borosilicate_class who live in class houses shouldn't throw stones
","arco_bass who live in bass houses shouldn't throw stones
"
"Physician, heal thyself
","recognition, heal thyself
","abolition, heal thyself
"
"Possession is nine points of the law
","impression is nine   of the law
","aggression is nine   of the law
"
"Power corrupts; absolute power corrupts absolutely
","tower  ; absolute tower   absolutely
","flour  ; absolute flour   absolutely
"
"Practice makes perfect
","ideal makes correct
","connects makes connect
"
"Practice what you preach
","practise what you preach
","practise what you preach
"
"Prevention is better than cure
","reassure is better than assure
","booklet is better than brochure
"
"Pride goes before a fall
","plummet goes before a gall
","ball_squirted goes before a ball
"
"Procrastination is the thief of time
","robber is the brief of time
","meat is the beef of time
"
"Put your best foot forward
","put your best simple straightforward
","put your best simple straightforward
"
"Rain before seven, fine before eleven
","sixteen before seven, fine before heaven
","ascertain before seven, fine before  
"
"Red sky at night shepherd's delight; red sky in the morning, shepherd's warning
","red rouse at excite shepherd's delight; red rouse in the morning, shepherd's warning
","red bites at bite shepherd's delight; red bites in the morning, shepherd's warning
"
"Revenge is a dish best served cold
","upholding is a dish best served uphold
","chilly is a dish best served bold
"
"Revenge is sweet
","revenge is sweet
","revenge is sweet
"
"Rob Peter to pay Paul
","job metre to pay paul
","job metre to pay paul
"
"Rome wasn't built in a day
","delayed wasn't built in a delay
","classical_ballet wasn't built in a ballet
"
"See a pin and pick it up, all the day you'll have good luck; see a pin and let it lie, bad luck you'll have all day
","see a tricks and trick it up, all the day you'll have good luck; see a tricks and let it lie, bad luck you'll have all day
","see a bricks and brick it up, all the day you'll have good luck; see a bricks and let it lie, bad luck you'll have all day
"
"See no evil, hear no evil, speak no evil
","see no mediaeval, hear no mediaeval, speak no mediaeval
","see no mediaeval, hear no mediaeval, speak no mediaeval
"
"Seeing is believing
","being is believing
","seeing is believing
"
"Seek and ye shall find
","critique and ye shall find
","critique and ye shall find
"
"Set a thief to catch a thief
","set a Relief to catch a Relief
","set a meat to catch a meat
"
"Share and share alike
","trio and trio alike
","extramarital_affair and extramarital_affair alike
"
"Shrouds have no pockets
","  have no  
","  have no  
"
"Silence is golden
","silence is golden
","silence is golden
"
"Slow but sure
","slow but reassure
","slow but assure
"
"Softly, softly, catchee monkey
","softly, softly, catchee  
","softly, softly, catchee  
"
"Spare the rod and spoil the child
","spare the fainting_dizziness_headaches and spoil the mild
","spare the fainting_dizziness_headaches and spoil the mild
"
"Speak as you find
","week as you find
","critique as you find
"
"Speak softly and carry a big stick
","kicks softly and carry a big kick
","bricks softly and carry a big brick
"
"Sticks and stones may break my bones, but words will never hurt me
","mix and   may break my bones, but words will never hurt me
","  and   may break my bones, but words will never hurt me
"
"Still waters run deep
","still waters run deep
","still waters run deep
"
"Strike while the iron is hot
","strike while the iron is hot
","strike while the iron is hot
"
"Stupid is as stupid does
","stupid is as stupid does
","stupid is as stupid does
"
"Success has many fathers, while failure is an orphan
","progress has many  , while failure is an orphan
","assess has many  , while failure is an orphan
"
"Take care of the pence and the pounds will take care of themselves
","take ##.#p of the expense and the pounds will take ##.#p of themselves
","take recommence of the commence and the pounds will take recommence of themselves
"
"Talk is cheap
","chalk is cheap
","chalk is cheap
"
"Talk of the Devil, and he is bound to appear
","levels of the level, and he is bound to appear
","levels of the level, and he is bound to appear
"
"Tell the truth and shame the Devil
","tell the tooth and shame the  
","tell the levels and shame the level
"
"That which does not kill us makes us stronger
","that which does not kill us makes us stronger
","that which does not kill us makes us stronger
"
"The age of miracles is past
","the age of miracles is past
","the age of miracles is past
"
"The apple never falls far from the tree
","the ankle never falls far from the knee
","the bees never falls far from the bee
"
"The best defence is a good offence
","the best defence is a good offence
","the best defence is a good offence
"
"The best is the enemy of the good
","the best is the enemy of the good
","the best is the enemy of the good
"
"The best-laid schemes of mice and men gang aft agley
","the best-laid rats of price and men gang aft agley
","the best-laid   of   and men gang aft agley
"
"The best things in life are free
","the best kitchen_knife in knife are free
","the best kitchen_knife in knife are free
"
"The bigger, the better
","the bigger, the letter
","the bigger, the better
"
"The bigger they are, the harder they fall
","the bigger they are, the harder they fall
","the bigger they are, the harder they fall
"
"The bottom line is the bottom line
","the bottom resigning is the bottom resigning
","the bottom assigning is the bottom assigning
"
"The boy is father to the man
","the must is father to the can
","the bans is father to the ban
"
"The bread always falls buttered side down
","the globally always falls buttered worldwide down
","the bealongside always falls buttered alongside down
"
"The child is the father of the man
","the faze is the bother of the man
","the faze is the bother of the man
"
"The cobbler always wears the worst shoes
","the excuses always wears the worst excuse
","the   always wears the worst  
"
"The course of true love never did run smooth
","the enforce of true of never did run smooth
","the mitt of true glove never did run smooth
"
"The customer is always right
","the customer is always right
","the customer is always right
"
"The darkest hour is just before the dawn
","the darkest onto is just before the on
","the darkest lawns is just before the lawn
"
"The Devil finds work for idle hands to do
","the devil finds clerk for idle   to do
","the devil finds clerk for idle   to do
"
"The Devil is in the details
","the   is in the  
","the level is in the  
"
"The Devil looks after his own
","the level looks after his own
","the level looks after his own
"
"The early bird catches the worm
","the early word catches the short-term
","the early confirmed catches the confirm
"
"The end justifies the means
","the crewneck justifies the jeans
","the crewneck justifies the jeans
"
"The exception which proves the rule
","the duals which proves the dual
","the Lupit_Filipino_word which proves the cruel
"
"The female of the species is more deadly than the male
","the retail of the   is more deadly than the male
","the   of the   is more deadly than the male
"
"The fruit does not fall far from the tree
","the guarantees does not fall far from the guarantee
","the oak_bee does not fall far from the bee
"
"The good die young
","the good why young
","the good buy young
"
"The grass is always greener on the other side of the fence
","the Les_Phoceens is always greener on the other stride of the fence
","the Alongalongside is always greener on the other alongside of the fence
"
"The hand that rocks the cradle rules the world
","the land that rocks the   rules the world
","the band that rocks the   rules the world
"
"The husband is always the last to know
","the husband is always the last to know
","the husband is always the last to know
"
"The labourer is worthy of his hire
","the labourer is worthy of his require
","the labourer is worthy of his buyer
"
"The law is an ass
","the **_es is an grass
","the dick is an bass
"
"The leopard does not change his spots
","the   does not change his  
","the   does not change his  
"
"The longest journey starts with a single step
","the longest   starts with a single  
","the longest   starts with a single  
"
"The more the merrier
","the more the barrier
","the more the barrier
"
"The more things change, the more they stay the same
","the more ranges range, the more they stay the same
","the more alter arrange, the more they stay the same
"
"The only good Indian is a dead Indian
","the only good indian is a dead indian
","the only good indian is a dead indian
"
"The opera ain't over till the fat lady sings
","the   ain't over till the fat   sings
","the   ain't over till the fat   sings
"
"The pen is mightier than sword
","the cords is mightier than cord
","the pact is mightier than accord
"
"The price of liberty is eternal vigilance
","the apologies of apology is eternal vigilance
","the freedom of ability is eternal vigilance
"
"The proof of the pudding is in the eating
","the   of the   is in the eating
","the roof of the   is in the eating
"
"The road to hell is paved with good intentions
","the node to hell is paved with good  
","the code to hell is paved with good  
"
"The shoemaker's son always goes barefoot
","the kids's fun always goes barefoot
","the kids's fun always goes barefoot
"
"The squeaking wheel gets the grease
","the squeaking pieces gets the piece
","the squeaking ceasing gets the cease
"
"The truth will out
","the youth will out
","the youth will out
"
"The wages of sin is death
","the chins of chin is death
","the bins of bin is death
"
"The way to a man's heart is through his stomach
","the bans to a ban's heart is through his stomach
","the bans to a ban's heart is through his stomach
"
"The whole is greater than the sum of the parts
","the became is greater than the become of the parts
","the drums is greater than the drum of the parts
"
"There are more ways of killing a cat than choking it with cream
","there are more rodent of killing a rat than choking it with cream
","there are more kitten of killing a bat than choking it with cream
"
"There are none so blind as those, that will not see
","there are son so blind as those, that will not see
","there are fun so blind as those, that will not see
"
"There are two sides to every question
","there are two suggestions to every suggestion
","there are two suggestions to every suggestion
"
"There but for the grace of God, go I
","there but for the rods of rod, go i
","there but for the fa√ßade of facade, go i
"
"There's a time and a place for everything
","there's a rereplaces and a replace for everything
","there's a bases and a base for everything
"
"There's an exception to every rule
","there's an schools to every school
","there's an Lupit_Filipino_word to every cruel
"
"There's always more fish in the sea
","there's always more fish in the trustee
","there's always more fish in the bee
"
"There's honour among thieves
","there's   among  
","there's   among  
"
"There's many a good tune played on an old fiddle
","there's many a good gunfire_Elumbaugh played on an old middle
","there's many a good afternoon played on an old  
"
"There's many a slip 'twixt cup and lip
","there's many a sdip 'twixt dips and dip
","there's many a schip 'twixt chips and chip
"
"There's more than one way to skin a cat
","there's more than one feline to skin a pat
","there's more than one bats to skin a bat
"
"There's no accounting for tastes
","there's no   for  
","there's no   for  
"
"There's no fool like an old fool
","there's no Dual like an old Dual
","there's no Lupit_Filipino_word like an old Lupit_Filipino_word
"
"There's no place like home
","there's no domes like dome
","there's no domes like dome
"
"There's no smoke without fire
","there's no manufacturer without supplier
","there's no purchaser without buyer
"
"There's no such thing as a free lunch
","there's no such bunches as a free bunch
","there's no such bunches as a free bunch
"
"There's no such thing as bad publicity
","there's no such electricty as bad electricity
","there's no such electricty as bad electricity
"
"There's no time like the present
","there's no prime like the present
","there's no climb like the present
"
"There's none so blind as those who will not see
","there's ton so blind as those who will not see
","there's fun so blind as those who will not see
"
"There's none so deaf as those who will not hear
","there's gun so deaf as those who will not hear
","there's fun so deaf as those who will not hear
"
"There's nowt so queer as folk
","there's evoking so queer as evoke
","there's jokes so queer as joke
"
"There's one born every minute
","there's one horn every  
","there's one corn every  
"
"There's safety in numbers
","there's   in  
","there's   in  
"
"They that sow the wind, shall reap the whirlwind
","they that sow the kind, shall reap the whirlkind
","they that sow the week, shall reap the whirlweek
"
"Third time lucky
","third prime lucky
","third climb lucky
"
"Those who do not learn from history are doomed to repeat it
","those who do not learn from mystery are doomed to repeat it
","those who do not learn from mystery are doomed to repeat it
"
"Those who live in glass houses shouldn't throw stones
","those who live in brass   shouldn't throw stones
","those who live in bass   shouldn't throw stones
"
"Those who sleep with dogs will rise with fleas
","those who sleep with Please will rise with please
","those who sleep with   will rise with  
"
"Thou shalt not kill
","allow shalt not kill
","bow shalt not kill
"
"Time and tide wait for no man
","translated and tide translate for no man
","aawaiting and tide await for no man
"
"Time flies
","flys wise
","climb  
"
"Time is a great healer
","part-time is a great  
","dealers is a great dealer
"
"Time is money
","sunshine is sunny
","funds is honey
"
"Time will tell
","prime will tell
","climb will tell
"
"'tis better to have loved and lost, than never to have loved at all
","'tis better to have loved and lost, than never to have loved at all
","'tis better to have loved and lost, than never to have loved at all
"
"To err is human; to forgive divine
","to err is human; to forgive shine
","to err is human; to forgive assign
"
"To every thing there is a season
","to every reasons there is a reason
","to every reasons there is a reason
"
"To the victor go the spoils
","to the   go the  
","to the   go the  
"
"To travel hopefully is a better thing than to arrive
","to travel hopefully is a better fling than to arrive
","to travel hopefully is a better spring than to arrive
"
"Tomorrow is another day
","sprays is another spray
","classical_ballet is another ballet
"
"Tomorrow never comes
","photo never comes
","borough never comes
"
"Too many cooks spoil the broth
","too many muslin_cloth spoil the cloth
","too many   spoil the  
"
"Truth is stranger than fiction
","literary_contradiction is stranger than contradiction
","literary_contradiction is stranger than contradiction
"
"Truth will out
","tooth will out
","youth will out
"
"Two blacks don't make a white
","two relax don't make a white
","two blacks don't make a white
"
"Two heads are better than one
","two heads are better than one
","two heads are better than one
"
"Two is company, but three's a crowd
","two is cheering, but three's a proud
","two is clouds, but three's a cloud
"
"Two wrongs don't make a right
","two fighting don't make a fight
","two bites don't make a bite
"
"Variety is the spice of life
","exact is the precise of life
","sage_advice is the advice of life
"
"Virtue is its own reward
","awards is its own award
","pact is its own accord
"
"Walls have ears
","  have  
","  have  
"
"Walnuts and pears you plant for your heirs
","downstairs and upstairs you plant for your heirs
","  and   you plant for your heirs
"
"Waste not want not
","waist not want not
","taste not want not
"
"What can't be cured must be endured
","what can't be cured must be endured
","what can't be cured must be endured
"
"What goes up must come down
","what goes up must come frown
","what goes up must come down
"
"What you lose on the swings you gain on the roundabouts
","what you lose on the swings you gain on the roundabouts
","what you lose on the swings you gain on the roundabouts
"
"What's sauce for the goose is sauce for the gander
","what's reducing for the reduce is reducing for the gander
","what's sexual_abuse for the abuse is sexual_abuse for the gander
"
"When in Rome, do as the Romans do
","when in dome, do as the   do
","when in dome, do as the   do
"
"When the cat's away the mice will play
","when the fantastic's away the nice will play
","when the Advice's away the advice will play
"
"When the going gets tough, the tough get going
","when the going wets tough, the tough wet going
","when the going cassettes tough, the tough cassette going
"
"When the oak is before the ash, then you will only get a splash; when the ash is before the oak, then you may expect a soak
","when the accident is before the crash, then you will only get a splcrash; when the crash is before the accident, then you may expect a saccident
","when the volcanic_cash is before the cash, then you will only get a splcash; when the cash is before the volcanic_cash, then you may expect a svolcanic_cash
"
"What the eye doesn't see, the heart doesn't grieve over
","what the departs doesn't see, the depart doesn't grieve over
","what the carts doesn't see, the cart doesn't grieve over
"
"Where there's a will there's a way
","where there's a will there's a today
","where there's a will there's a ballet
"
"Where there's muck there's brass
","where there's fuck there's middle-class
","where there's fretless there's bass
"
"While there's life there's hope
","while there's hoping there's cope
","while there's hoping there's cope
"
"Whom the Gods love die young
","whom the succumb love defy young
","whom the sell love buy young
"
"Why keep a dog and bark yourself?
","why keep a log and bark yourself?
","why keep a fog and bark yourself?
"
"Women and children first
","  and   first
","  and   first
"
"Wonders will never cease
","wonders will never cease
","wonders will never cease
"
"Work expands so as to fill the time available
","climbing expands so as to fill the climb available
","climbing expands so as to fill the climb available
"
"Worrying never did anyone any good
","worrying never did anyone any good
","worrying never did anyone any good
"
"You are never too old to learn
","you are never too old to earn
","you are never too old to learn
"
"You are what you eat
","you are what you compete
","you are what you eat
"
"You can choose your friends but you can't choose your family
","you can choose your   but you can't choose your  
","you can choose your   but you can't choose your  
"
"You can have too much of a good thing
","you can have too much of a good string
","you can have too much of a good spring
"
"You can lead a horse to water, but you can't make it drink
","you can lead a mother to daughter, but you can't make it drink
","you can lead a mother to daughter, but you can't make it drink
"
"You can't have your cake and eat it
","you can't have your perspire and heat it
","you can't have your Kluwe_tweets and concrete it
"
"You can't get blood out of a stone
","you can't get blood out of a zone
","you can't get blood out of a bone
"
"You can't get blood out of a turnip
","you can't get blood out of a turnip
","you can't get blood out of a turnip
"
"You can't make a silk purse from a sow's ear
","you can't make a wallet reverse from a sow's ear
","you can't make a brandished_firearm disperse from a sow's ear
"
"You can't make an omelette without breaking eggs
","you can't make an omelette without breaking  
","you can't make an omelette without breaking  
"
"You can't make bricks without straw
","you can't make proverbial_jaw without jaw
","you can't make proverbial_jaw without jaw
"
"You can't run with the hare and hunt with the hounds
","you can't run with the camped and front with the hounds
","you can't run with the confronting and confront with the hounds
"
"You can't take it with you [when you die]
","you can't take it with you [when you die]
","you can't take it with you [when you die]
"
"You can't teach an old dog new tricks
","you can't teach an old blend new mix
","you can't teach an old fog new  
"
"You can't judge a book by its cover
","you can't judge a paramour by its lover
","you can't judge a cook by its  
"
"You can't win them all
","you can't win them hall
","you can't win them all
"
"You catch more flies with honey than with vinegar
","you catch more hilariously_funny with funny than with vinegar
","you catch more funds with money than with vinegar
"
"You pays your money and you takes your choice
","you pays your sunny and you takes your  
","you pays your voices and you takes your voice
"
"You reap what you sow
","you reap what you bow
","you reap what you sow
"
"You win some, you lose some
","you win drum, you lose drum
","you win some, you lose some
"
"Youth is wasted on the young
","truth is wasted on the young
","truth is wasted on the young
"
"Wisdom comes with age
","ppages comes with page
","ccages comes with cage
"
"Veni, vidi, vici: I came, I saw, I conquered.
","veni, vidi, vici: i came, i saw, i conquered.
","veni, vidi, vici: i came, i saw, i conquered.
"
"All the world's a stage.
","all the anger's a rage.
","all the ages's a age.
"
